time,MP1,MP2,MP3,MP4,CT1,CT2
2025-01-01T00:00:00,0.76,0.83,0.83,0.82,0.73,0.77
2025-01-02T00:00:00,0.76,0.73,0.7,0.73,0.78,0.72
2025-01-03T00:00:00,0.84,0.83,0.68,0.78,0.77,0.82
2025-01-04T00:00:00,0.79,0.75,0.74,0.78,0.87,0.8
2025-01-05T00:00:00,0.8,0.77,0.78,0.77,0.88,0.7
2025-01-06T00:00:00,0.78,0.84,0.73,0.84,0.74,0.72
2025-01-07T00:00:00,0.8,0.87,0.77,0.71,0.78,0.81
2025-01-08T00:00:00,0.88,0.81,0.77,0.8,0.78,0.65
2025-01-09T00:00:00,0.8,0.71,0.75,0.79,0.81,0.89
2025-01-10T00:00:00,0.68,0.75,0.83,0.81,0.81,0.86
2025-01-11T00:00:00,0.7,0.84,0.84,0.76,0.74,0.66
2025-01-12T00:00:00,0.87,0.73,0.84,0.73,0.67,0.8
2025-01-13T00:00:00,0.8,0.73,0.75,0.8,0.76,0.77
2025-01-14T00:00:00,0.83,0.79,0.78,0.84,0.81,0.78
2025-01-15T00:00:00,0.69,0.75,0.74,0.8,0.81,0.73
2025-01-16T00:00:00,0.85,0.8,0.76,0.74,0.81,0.84
2025-01-17T00:00:00,0.8,0.79,0.8,0.88,0.73,0.77
2025-01-18T00:00:00,0.91,0.73,0.72,0.77,0.74,0.8
2025-01-19T00:00:00,0.72,0.81,0.71,0.81,0.79,0.82
2025-01-20T00:00:00,0.84,0.83,0.77,0.73,0.76,0.71
2025-01-21T00:00:00,0.81,0.85,0.73,0.75,0.88,0.78
2025-01-22T00:00:00,0.78,0.84,0.8,0.83,0.82,0.79
2025-01-23T00:00:00,0.75,0.75,0.71,0.72,0.84,0.77
2025-01-24T00:00:00,0.83,0.75,0.81,0.84,0.79,0.76
2025-01-25T00:00:00,0.74,0.75,0.76,0.77,0.82,0.69
2025-01-26T00:00:00,0.79,0.71,0.73,0.73,0.78,0.64
2025-01-27T00:00:00,0.75,0.79,0.79,0.84,0.8,0.76
2025-01-28T00:00:00,0.75,0.77,0.87,0.7,0.77,0.79
2025-01-29T00:00:00,0.76,0.72,0.75,0.89,0.82,0.81
2025-01-30T00:00:00,0.76,0.77,0.85,0.85,0.76,0.73
2025-01-31T00:00:00,0.78,0.76,0.78,0.73,0.74,0.73
2025-02-01T00:00:00,0.75,0.83,0.76,0.72,0.82,0.73
2025-02-02T00:00:00,0.82,0.72,0.81,0.79,0.73,0.8
2025-02-03T00:00:00,0.78,0.77,0.78,0.79,0.72,0.82
2025-02-04T00:00:00,0.74,0.83,0.78,0.76,0.75,0.74
2025-02-05T00:00:00,0.77,0.75,0.72,0.76,0.83,0.84
2025-02-06T00:00:00,0.72,0.76,0.79,0.79,0.76,0.8
2025-02-07T00:00:00,0.85,0.84,0.79,0.8,0.87,0.77
2025-02-08T00:00:00,0.89,0.76,0.81,0.79,0.79,0.8
2025-02-09T00:00:00,0.85,0.77,0.74,0.76,0.72,0.78
2025-02-10T00:00:00,0.8,0.72,0.84,0.83,0.79,0.74
2025-02-11T00:00:00,0.71,0.77,0.79,0.83,0.79,0.66
2025-02-12T00:00:00,0.86,0.77,0.88,0.77,0.72,0.82
2025-02-13T00:00:00,0.81,0.85,0.86,0.85,0.7,0.89
2025-02-14T00:00:00,0.79,0.75,0.72,0.76,0.82,0.76
2025-02-15T00:00:00,0.71,0.81,0.84,0.83,0.89,0.7
2025-02-16T00:00:00,0.83,0.83,0.65,0.81,0.81,0.79
2025-02-17T00:00:00,0.86,0.79,0.75,0.73,0.77,0.85
2025-02-18T00:00:00,0.75,0.83,0.77,0.78,0.79,0.72
2025-02-19T00:00:00,0.83,0.75,0.77,0.69,0.83,0.7
2025-02-20T00:00:00,0.73,0.82,0.82,0.74,0.78,0.77
2025-02-21T00:00:00,0.76,0.82,0.74,0.79,0.76,0.73
2025-02-22T00:00:00,0.8,0.77,0.81,0.8,0.8,0.85
2025-02-23T00:00:00,0.8,0.83,0.79,0.75,0.81,0.68
2025-02-24T00:00:00,0.73,0.82,0.8,0.78,0.77,0.77
2025-02-25T00:00:00,0.67,0.79,0.81,0.78,0.78,0.76
2025-02-26T00:00:00,0.71,0.8,0.81,0.78,0.76,0.79
2025-02-27T00:00:00,0.73,0.78,0.79,0.79,0.85,0.76
2025-02-28T00:00:00,0.66,0.76,0.82,0.77,0.82,0.84
2025-03-01T00:00:00,0.76,0.66,0.83,0.75,0.83,0.77
2025-03-02T00:00:00,0.66,0.72,0.81,0.82,0.81,0.85
2025-03-03T00:00:00,0.87,0.67,0.79,0.77,0.83,0.75
2025-03-04T00:00:00,0.84,0.85,0.77,0.74,0.71,0.85
2025-03-05T00:00:00,0.76,0.73,0.85,0.73,0.8,0.75
2025-03-06T00:00:00,0.81,0.74,0.73,0.81,0.78,0.73
2025-03-07T00:00:00,0.79,0.75,0.75,0.85,0.82,0.79
2025-03-08T00:00:00,0.84,0.78,0.73,0.76,0.75,0.76
2025-03-09T00:00:00,0.83,0.73,0.68,0.8,0.77,0.83
2025-03-10T00:00:00,0.84,0.78,0.75,0.84,0.81,0.78
2025-03-11T00:00:00,0.69,0.83,0.71,0.76,0.78,0.77
2025-03-12T00:00:00,0.75,0.91,0.81,0.8,0.78,0.82
2025-03-13T00:00:00,0.78,0.75,0.8,0.83,0.75,0.81
2025-03-14T00:00:00,0.81,0.83,0.82,0.81,0.68,0.8
2025-03-15T00:00:00,0.71,0.79,0.82,0.86,0.77,0.78
2025-03-16T00:00:00,0.76,0.86,0.77,0.84,0.68,0.79
2025-03-17T00:00:00,0.8,0.78,0.72,0.75,0.76,0.77
2025-03-18T00:00:00,0.76,0.75,0.75,0.74,0.8,0.75
2025-03-19T00:00:00,0.64,0.77,0.73,0.82,0.79,0.69
2025-03-20T00:00:00,0.78,0.77,0.7,0.72,0.77,0.83
2025-03-21T00:00:00,0.83,0.74,0.81,0.85,0.75,0.8
2025-03-22T00:00:00,0.75,0.78,0.74,0.75,0.77,0.75
2025-03-23T00:00:00,0.68,0.84,0.85,0.74,0.82,0.83
2025-03-24T00:00:00,0.76,0.83,0.81,0.76,0.73,0.81
2025-03-25T00:00:00,0.72,0.81,0.8,0.75,0.77,0.82
2025-03-26T00:00:00,0.77,0.74,0.76,0.66,0.77,0.85
2025-03-27T00:00:00,0.7,0.71,0.8,0.8,0.79,0.83
2025-03-28T00:00:00,0.8,0.74,0.7,0.81,0.8,0.76
2025-03-29T00:00:00,0.74,0.79,0.9,0.75,0.81,0.8
2025-03-30T00:00:00,0.8,0.72,0.83,0.8,0.74,0.73
2025-03-31T00:00:00,0.81,0.86,0.93,0.78,0.81,0.75
2025-04-01T00:00:00,0.82,0.82,0.83,0.8,0.78,0.79
2025-04-02T00:00:00,0.66,0.82,0.73,0.81,0.68,0.74
2025-04-03T00:00:00,0.89,0.75,0.72,0.74,0.83,0.74
2025-04-04T00:00:00,0.74,0.82,0.81,0.66,0.77,0.82
2025-04-05T00:00:00,0.68,0.82,0.77,0.68,0.85,0.73
2025-04-06T00:00:00,0.82,0.8,0.74,0.72,0.75,0.69
2025-04-07T00:00:00,0.76,0.79,0.86,0.8,0.83,0.81
2025-04-08T00:00:00,0.86,0.81,0.69,0.84,0.76,0.77
2025-04-09T00:00:00,0.7,0.73,0.79,0.72,0.73,0.83
2025-04-10T00:00:00,0.75,0.75,0.73,0.8,0.79,0.86
2025-04-11T00:00:00,0.8,0.77,0.79,0.77,0.73,0.79
2025-04-12T00:00:00,0.72,0.72,0.91,0.81,0.72,0.8
2025-04-13T00:00:00,0.77,0.8,0.81,0.77,0.81,0.74
2025-04-14T00:00:00,0.79,0.76,0.79,0.82,0.77,0.79
2025-04-15T00:00:00,0.75,0.79,0.81,0.78,0.77,0.83
2025-04-16T00:00:00,0.82,0.8,0.85,0.75,0.68,0.82
2025-04-17T00:00:00,0.83,0.86,0.85,0.91,0.79,0.69
2025-04-18T00:00:00,0.72,0.79,0.88,0.88,0.76,0.75
2025-04-19T00:00:00,0.78,0.69,0.7,0.73,0.84,0.73
2025-04-20T00:00:00,0.84,0.77,0.8,0.76,0.73,0.81
2025-04-21T00:00:00,0.86,0.71,0.83,0.78,0.81,0.86
2025-04-22T00:00:00,0.79,0.85,0.84,0.81,0.81,0.78
2025-04-23T00:00:00,0.85,0.71,0.72,0.78,0.76,0.77
2025-04-24T00:00:00,0.9,0.77,0.78,0.75,0.78,0.71
2025-04-25T00:00:00,0.77,0.8,0.76,0.72,0.76,0.75
2025-04-26T00:00:00,0.85,0.77,0.71,0.77,0.85,0.81
2025-04-27T00:00:00,0.7,0.78,0.86,0.69,0.67,0.78
2025-04-28T00:00:00,0.68,0.84,0.88,0.72,0.81,0.83
2025-04-29T00:00:00,0.72,0.76,0.76,0.8,0.78,0.8
2025-04-30T00:00:00,0.74,0.79,0.8,0.8,0.77,0.76
2025-05-01T00:00:00,0.78,0.86,0.76,0.82,0.78,0.82
2025-05-02T00:00:00,0.64,0.84,0.82,0.78,0.69,0.86
2025-05-03T00:00:00,0.72,0.74,0.78,0.77,0.79,0.75
2025-05-04T00:00:00,0.74,0.78,0.73,0.73,0.7,0.82
2025-05-05T00:00:00,0.8,0.77,0.69,0.87,0.8,0.82
2025-05-06T00:00:00,0.75,0.81,0.82,0.79,0.85,0.82
2025-05-07T00:00:00,0.74,0.82,0.78,0.69,0.79,0.76
2025-05-08T00:00:00,0.71,0.8,0.82,0.82,0.7,0.71
2025-05-09T00:00:00,0.72,0.8,0.72,0.84,0.81,0.77
2025-05-10T00:00:00,0.82,0.75,0.8,0.8,0.82,0.79
2025-05-11T00:00:00,0.81,0.83,0.76,0.8,0.76,0.81
2025-05-12T00:00:00,0.78,0.76,0.83,0.81,0.74,0.76
2025-05-13T00:00:00,0.8,0.73,0.86,0.75,0.71,0.73
2025-05-14T00:00:00,0.76,0.73,0.77,0.77,0.76,0.78
2025-05-15T00:00:00,0.87,0.82,0.79,0.82,0.73,0.77
2025-05-16T00:00:00,0.73,0.78,0.86,0.79,0.81,0.83
2025-05-17T00:00:00,0.75,0.79,0.77,0.8,0.77,0.76
2025-05-18T00:00:00,0.77,0.87,0.72,0.8,0.76,0.81
2025-05-19T00:00:00,0.78,0.79,0.81,0.79,0.78,0.82
2025-05-20T00:00:00,0.79,0.75,0.69,0.74,0.64,0.83
2025-05-21T00:00:00,0.8,0.85,0.87,0.75,0.83,0.81
2025-05-22T00:00:00,0.77,0.82,0.76,0.74,0.76,0.73
2025-05-23T00:00:00,0.75,0.81,0.72,0.73,0.79,0.73
2025-05-24T00:00:00,0.88,0.76,0.79,0.82,0.78,0.85
2025-05-25T00:00:00,0.84,0.75,0.72,0.76,0.73,0.76
2025-05-26T00:00:00,0.79,0.71,0.75,0.81,0.71,0.71
2025-05-27T00:00:00,0.81,0.84,0.7,0.67,0.85,0.81
2025-05-28T00:00:00,0.77,0.77,0.78,0.87,0.8,0.74
2025-05-29T00:00:00,0.79,0.81,0.74,0.72,0.74,0.78
2025-05-30T00:00:00,0.83,0.79,0.72,0.79,0.81,0.73
2025-05-31T00:00:00,0.76,0.74,0.77,0.83,0.79,0.8
2025-06-01T00:00:00,0.77,0.75,0.78,0.89,0.81,0.75
2025-06-02T00:00:00,0.78,0.75,0.82,0.74,0.72,0.86
2025-06-03T00:00:00,0.79,0.76,0.85,0.73,0.69,0.74
2025-06-04T00:00:00,0.84,0.75,0.74,0.69,0.86,0.83
2025-06-05T00:00:00,0.83,0.86,0.72,0.77,0.85,0.76
2025-06-06T00:00:00,0.75,0.74,0.76,0.83,0.82,0.77
2025-06-07T00:00:00,0.8,0.82,0.82,0.8,0.76,0.8
2025-06-08T00:00:00,0.74,0.74,0.77,0.82,0.74,0.8
2025-06-09T00:00:00,0.69,0.75,0.72,0.79,0.71,0.74
2025-06-10T00:00:00,0.73,0.84,0.79,0.76,0.74,0.74
2025-06-11T00:00:00,0.7,0.78,0.86,0.74,0.75,0.83
2025-06-12T00:00:00,0.85,0.7,0.76,0.83,0.78,0.78
2025-06-13T00:00:00,0.78,0.81,0.83,0.84,0.76,0.82
2025-06-14T00:00:00,0.77,0.73,0.78,0.78,0.72,0.71
2025-06-15T00:00:00,0.77,0.79,0.86,0.87,0.75,0.85
2025-06-16T00:00:00,0.77,0.78,0.76,0.84,0.74,0.75
2025-06-17T00:00:00,0.75,0.72,0.73,0.75,0.74,0.78
2025-06-18T00:00:00,0.87,0.84,0.75,0.79,0.81,0.72
2025-06-19T00:00:00,0.82,0.7,0.8,0.78,0.77,0.86
2025-06-20T00:00:00,0.89,0.81,0.81,0.81,0.76,0.74
2025-06-21T00:00:00,0.85,0.8,0.79,0.79,0.83,0.82
2025-06-22T00:00:00,0.86,0.72,0.85,0.73,0.73,0.71
2025-06-23T00:00:00,0.84,0.81,0.75,0.74,0.82,0.7
2025-06-24T00:00:00,0.78,0.75,0.82,0.75,0.78,0.81
2025-06-25T00:00:00,0.79,0.76,0.86,0.81,0.75,0.78
2025-06-26T00:00:00,0.85,0.78,0.8,0.81,0.8,0.78
2025-06-27T00:00:00,0.72,0.76,0.78,0.81,0.75,0.76
2025-06-28T00:00:00,0.79,0.77,0.67,0.8,0.73,0.76
2025-06-29T00:00:00,0.8,0.8,0.76,0.74,0.74,0.73
2025-06-30T00:00:00,0.7,0.86,0.85,0.75,0.73,0.85
2025-07-01T00:00:00,0.83,0.77,0.77,0.75,0.78,0.78
2025-07-02T00:00:00,0.67,0.73,0.77,0.75,0.83,0.84
2025-07-03T00:00:00,0.78,0.83,0.79,0.7,0.82,0.72
2025-07-04T00:00:00,0.73,0.83,0.85,0.69,0.82,0.8
2025-07-05T00:00:00,0.76,0.72,0.81,0.7,0.85,0.75
2025-07-06T00:00:00,0.73,0.8,0.84,0.82,0.76,0.73
2025-07-07T00:00:00,0.74,0.76,0.82,0.8,0.73,0.84
2025-07-08T00:00:00,0.78,0.79,0.78,0.77,0.77,0.83
2025-07-09T00:00:00,0.84,0.8,0.79,0.8,0.75,0.71
2025-07-10T00:00:00,0.71,0.73,0.8,0.79,0.82,0.85
2025-07-11T00:00:00,0.8,0.76,0.7,0.71,0.79,0.75
2025-07-12T00:00:00,0.75,0.79,0.76,0.8,0.76,0.73
2025-07-13T00:00:00,0.73,0.74,0.71,0.82,0.73,0.8
2025-07-14T00:00:00,0.78,0.76,0.84,0.73,0.79,0.81
2025-07-15T00:00:00,0.82,0.71,0.85,0.83,0.8,0.87
2025-07-16T00:00:00,0.81,0.7,0.77,0.83,0.84,0.81
2025-07-17T00:00:00,0.75,0.88,0.76,0.76,0.78,0.82
2025-07-18T00:00:00,0.73,0.72,0.73,0.8,0.76,0.78
2025-07-19T00:00:00,0.75,0.72,0.77,0.69,0.86,0.84
2025-07-20T00:00:00,0.77,0.77,0.86,0.73,0.81,0.77
2025-07-21T00:00:00,0.72,0.76,0.77,0.74,0.78,0.81
2025-07-22T00:00:00,0.77,0.74,0.9,0.72,0.79,0.79
2025-07-23T00:00:00,0.71,0.79,0.81,0.78,0.78,0.8
2025-07-24T00:00:00,0.85,0.82,0.73,0.77,0.81,0.79
2025-07-25T00:00:00,0.8,0.79,0.77,0.78,0.8,0.82
2025-07-26T00:00:00,0.69,0.69,0.76,0.92,0.67,0.78
2025-07-27T00:00:00,0.79,0.81,0.81,0.76,0.75,0.74
2025-07-28T00:00:00,0.81,0.8,0.8,0.71,0.8,0.79
2025-07-29T00:00:00,0.75,0.72,0.82,0.71,0.78,0.7
2025-07-30T00:00:00,0.78,0.76,0.79,0.7,0.79,0.74
2025-07-31T00:00:00,0.8,0.77,0.76,0.79,0.82,0.86
2025-08-01T00:00:00,0.74,0.76,0.83,0.76,0.77,0.75
2025-08-02T00:00:00,0.82,0.75,0.87,0.83,0.75,0.81
2025-08-03T00:00:00,0.78,0.76,0.77,0.79,0.78,0.74
2025-08-04T00:00:00,0.78,0.71,0.82,0.8,0.83,0.85
2025-08-05T00:00:00,0.7,0.86,0.76,0.81,0.75,0.78
2025-08-06T00:00:00,0.87,0.79,0.76,0.81,0.82,0.75
2025-08-07T00:00:00,0.8,0.87,0.71,0.77,0.75,0.84
2025-08-08T00:00:00,0.82,0.84,0.73,0.71,0.71,0.74
2025-08-09T00:00:00,0.77,0.84,0.77,0.71,0.84,0.81
2025-08-10T00:00:00,0.72,0.78,0.77,0.82,0.77,0.74
2025-08-11T00:00:00,0.76,0.77,0.81,0.81,0.74,0.76
2025-08-12T00:00:00,0.69,0.78,0.78,0.75,0.83,0.77
2025-08-13T00:00:00,0.72,0.8,0.83,0.77,0.84,0.74
2025-08-14T00:00:00,0.79,0.73,0.76,0.87,0.78,0.82
2025-08-15T00:00:00,0.69,0.73,0.79,0.83,0.78,0.76
2025-08-16T00:00:00,0.77,0.77,0.74,0.81,0.75,0.76
2025-08-17T00:00:00,0.8,0.76,0.81,0.72,0.81,0.81
2025-08-18T00:00:00,0.8,0.76,0.62,0.83,0.81,0.77
2025-08-19T00:00:00,0.89,0.8,0.71,0.75,0.68,0.74
2025-08-20T00:00:00,0.78,0.77,0.83,0.75,0.82,0.85
2025-08-21T00:00:00,0.77,0.75,0.76,0.8,0.81,0.8
2025-08-22T00:00:00,0.77,0.84,0.79,0.82,0.74,0.76
2025-08-23T00:00:00,0.83,0.86,0.69,0.81,0.82,0.76
2025-08-24T00:00:00,0.77,0.81,0.71,0.87,0.81,0.73
2025-08-25T00:00:00,0.86,0.91,0.77,0.72,0.91,0.84
2025-08-26T00:00:00,0.74,0.68,0.8,0.84,0.83,0.79
2025-08-27T00:00:00,0.77,0.79,0.74,0.76,0.73,0.76
2025-08-28T00:00:00,0.8,0.85,0.78,0.71,0.78,0.73
2025-08-29T00:00:00,0.79,0.85,0.71,0.67,0.87,0.77
2025-08-30T00:00:00,0.78,0.87,0.75,0.86,0.81,0.75
2025-08-31T00:00:00,0.75,0.8,0.78,0.77,0.81,0.87
2025-09-01T00:00:00,0.79,0.86,0.76,0.83,0.76,0.67
2025-09-02T00:00:00,0.83,0.74,0.76,0.81,0.82,0.91
2025-09-03T00:00:00,0.72,0.86,0.79,0.86,0.75,0.75
2025-09-04T00:00:00,0.84,0.84,0.75,0.81,0.78,0.83
2025-09-05T00:00:00,0.79,0.81,0.83,0.63,0.85,0.75
2025-09-06T00:00:00,0.8,0.79,0.86,0.76,0.7,0.82
2025-09-07T00:00:00,0.77,0.74,0.9,0.7,0.78,0.84
2025-09-08T00:00:00,0.76,0.76,0.73,0.75,0.79,0.79
2025-09-09T00:00:00,0.73,0.85,0.75,0.85,0.71,0.8
2025-09-10T00:00:00,0.78,0.82,0.74,0.81,0.77,0.79
2025-09-11T00:00:00,0.77,0.86,0.76,0.77,0.8,0.68
2025-09-12T00:00:00,0.72,0.77,0.78,0.79,0.83,0.84
2025-09-13T00:00:00,0.78,0.75,0.78,0.75,0.77,0.77
2025-09-14T00:00:00,0.9,0.83,0.8,0.79,0.76,0.73
2025-09-15T00:00:00,0.72,0.82,0.77,0.72,0.84,0.68
2025-09-16T00:00:00,0.86,0.68,0.81,0.81,0.77,0.76
2025-09-17T00:00:00,0.77,0.8,0.7,0.82,0.81,0.79
2025-09-18T00:00:00,0.72,0.82,0.81,0.71,0.82,0.75
2025-09-19T00:00:00,0.71,0.8,0.86,0.74,0.78,0.84
2025-09-20T00:00:00,0.86,0.83,0.79,0.83,0.86,0.73
2025-09-21T00:00:00,0.81,0.8,0.84,0.79,0.77,0.77
2025-09-22T00:00:00,0.77,0.73,0.74,0.76,0.85,0.85
2025-09-23T00:00:00,0.75,0.78,0.76,0.84,0.74,0.73
2025-09-24T00:00:00,0.73,0.86,0.83,0.76,0.78,0.75
2025-09-25T00:00:00,0.61,0.67,0.74,0.78,0.76,0.72
2025-09-26T00:00:00,0.85,0.77,0.73,0.68,0.8,0.78
2025-09-27T00:00:00,0.68,0.76,0.75,0.79,0.76,0.7
2025-09-28T00:00:00,0.75,0.75,0.82,0.8,0.82,0.79
2025-09-29T00:00:00,0.83,0.84,0.76,0.68,0.79,0.74
2025-09-30T00:00:00,0.81,0.79,0.7,0.76,0.67,0.76
2025-10-01T00:00:00,0.82,0.79,0.73,0.73,0.78,0.82
2025-10-02T00:00:00,0.83,0.78,0.72,0.87,0.69,0.85
2025-10-03T00:00:00,0.77,0.82,0.74,0.86,0.72,0.73
2025-10-04T00:00:00,0.9,0.85,0.78,0.76,0.78,0.79
2025-10-05T00:00:00,0.87,0.8,0.82,0.8,0.83,0.73
2025-10-06T00:00:00,0.82,0.77,0.74,0.8,0.76,0.62
2025-10-07T00:00:00,0.78,0.74,0.77,0.84,0.72,0.94
2025-10-08T00:00:00,0.76,0.8,0.74,0.79,0.89,0.73
2025-10-09T00:00:00,0.83,0.71,0.8,0.8,0.8,0.76
2025-10-10T00:00:00,0.81,0.71,0.78,0.83,0.74,0.81
2025-10-11T00:00:00,0.72,0.63,0.83,0.77,0.78,0.88
2025-10-12T00:00:00,0.8,0.69,0.79,0.74,0.85,0.73
2025-10-13T00:00:00,0.83,0.78,0.79,0.79,0.64,0.72
2025-10-14T00:00:00,0.77,0.78,0.79,0.7,0.76,0.79
2025-10-15T00:00:00,0.81,0.81,0.77,0.72,0.7,0.81
2025-10-16T00:00:00,0.78,0.78,0.75,0.78,0.7,0.83
2025-10-17T00:00:00,0.74,0.8,0.71,0.81,0.86,0.77
2025-10-18T00:00:00,0.85,0.76,0.75,0.73,0.7,0.85
2025-10-19T00:00:00,0.72,0.85,0.74,0.79,0.75,0.75
2025-10-20T00:00:00,0.77,0.7,0.81,0.84,0.74,0.8
2025-10-21T00:00:00,0.8,0.82,0.8,0.82,0.81,0.8
2025-10-22T00:00:00,0.73,0.85,0.71,0.75,0.82,0.87
2025-10-23T00:00:00,0.82,0.71,0.81,0.77,0.83,0.8
2025-10-24T00:00:00,0.8,0.76,0.8,0.76,0.91,0.73
2025-10-25T00:00:00,0.76,0.82,0.79,0.85,0.66,0.85
2025-10-26T00:00:00,0.82,0.79,0.73,0.81,0.9,0.75
2025-10-27T00:00:00,0.82,0.76,0.85,0.78,0.75,0.76
2025-10-28T00:00:00,0.89,0.82,0.74,0.84,0.8,0.85
2025-10-29T00:00:00,0.71,0.77,0.75,0.74,0.79,0.77
2025-10-30T00:00:00,0.81,0.8,0.78,0.84,0.81,0.69
2025-10-31T00:00:00,0.82,0.71,0.8,0.83,0.76,0.72
2025-11-01T00:00:00,0.73,0.8,0.88,0.8,0.8,0.7
2025-11-02T00:00:00,0.82,0.7,0.83,0.76,0.8,0.74
2025-11-03T00:00:00,0.67,0.88,0.75,0.82,0.74,0.76
2025-11-04T00:00:00,0.86,0.74,0.8,0.8,0.69,0.82
2025-11-05T00:00:00,0.87,0.87,0.77,0.77,0.82,0.76
2025-11-06T00:00:00,0.73,0.86,0.81,0.83,0.66,0.75
2025-11-07T00:00:00,0.77,0.71,0.78,0.76,0.77,0.83
2025-11-08T00:00:00,0.79,0.82,0.81,0.82,0.81,0.79
2025-11-09T00:00:00,0.82,0.74,0.7,0.79,0.78,0.75
2025-11-10T00:00:00,0.87,0.76,0.75,0.85,0.77,0.67
2025-11-11T00:00:00,0.82,0.74,0.73,0.81,0.75,0.77
2025-11-12T00:00:00,0.81,0.78,0.69,0.85,0.79,0.76
2025-11-13T00:00:00,0.8,0.69,0.86,0.83,0.74,0.81
2025-11-14T00:00:00,0.76,0.83,0.86,0.84,0.71,0.77
2025-11-15T00:00:00,0.78,0.79,0.78,0.8,0.75,0.81
2025-11-16T00:00:00,0.78,0.8,0.85,0.84,0.86,0.8
2025-11-17T00:00:00,0.81,0.84,0.8,0.73,0.78,0.83
2025-11-18T00:00:00,0.78,0.72,0.75,0.79,0.8,0.81
2025-11-19T00:00:00,0.79,0.84,0.67,0.82,0.8,0.78
2025-11-20T00:00:00,0.69,0.83,0.77,0.76,0.73,0.7
2025-11-21T00:00:00,0.82,0.91,0.76,0.75,0.76,0.8
2025-11-22T00:00:00,0.8,0.81,0.78,0.79,0.84,0.71
2025-11-23T00:00:00,0.75,0.67,0.77,0.77,0.8,0.83
2025-11-24T00:00:00,0.8,0.79,0.78,0.81,0.8,0.83
2025-11-25T00:00:00,0.73,0.7,0.8,0.83,0.74,0.78
2025-11-26T00:00:00,0.86,0.82,0.74,0.7,0.72,0.74
2025-11-27T00:00:00,0.82,0.89,0.78,0.77,0.77,0.75
2025-11-28T00:00:00,0.65,0.78,0.87,0.73,0.81,0.84
2025-11-29T00:00:00,0.86,0.84,0.76,0.75,0.71,0.86
2025-11-30T00:00:00,0.69,0.8,0.72,0.79,0.7,0.85
2025-12-01T00:00:00,0.8,0.71,0.73,0.78,0.72,0.79
2025-12-02T00:00:00,0.68,0.82,0.8,0.84,0.83,0.87
2025-12-03T00:00:00,0.71,0.91,0.68,0.87,0.73,0.75
2025-12-04T00:00:00,0.74,0.77,0.87,0.72,0.71,0.72
2025-12-05T00:00:00,0.78,0.79,0.77,0.8,0.79,0.78
2025-12-06T00:00:00,0.74,0.81,0.75,0.76,0.71,0.74
2025-12-07T00:00:00,0.7,0.73,0.72,0.84,0.92,0.72
2025-12-08T00:00:00,0.72,0.78,0.72,0.85,0.82,0.77
2025-12-09T00:00:00,0.77,0.82,0.83,0.73,0.83,0.76
2025-12-10T00:00:00,0.8,0.9,0.81,0.78,0.69,0.8
2025-12-11T00:00:00,0.8,0.78,0.78,0.81,0.77,0.73
2025-12-12T00:00:00,0.76,0.87,0.79,0.87,0.77,0.82
2025-12-13T00:00:00,0.84,0.8,0.76,0.75,0.78,0.76
2025-12-14T00:00:00,0.78,0.85,0.73,0.71,0.79,0.79
2025-12-15T00:00:00,0.69,0.83,0.74,0.93,0.81,0.8
2025-12-16T00:00:00,0.82,0.76,0.82,0.72,0.82,0.72
2025-12-17T00:00:00,0.82,0.76,0.7,0.83,0.74,0.78
2025-12-18T00:00:00,0.84,0.89,0.74,0.84,0.8,0.8
2025-12-19T00:00:00,0.83,0.81,0.76,0.75,0.8,0.76
2025-12-20T00:00:00,0.85,0.76,0.81,0.78,0.74,0.73
2025-12-21T00:00:00,0.8,0.8,0.74,0.7,0.83,0.74
2025-12-22T00:00:00,0.76,0.8,0.73,0.79,0.74,0.76
2025-12-23T00:00:00,0.81,0.75,0.8,0.83,0.76,0.85
2025-12-24T00:00:00,0.72,0.79,0.8,0.74,0.76,0.8
2025-12-25T00:00:00,0.71,0.76,0.79,0.76,0.74,0.71
2025-12-26T00:00:00,0.76,0.75,0.79,0.71,0.86,0.73
2025-12-27T00:00:00,0.8,0.82,0.76,0.73,0.73,0.79
2025-12-28T00:00:00,0.77,0.76,0.65,0.69,0.7,0.75
2025-12-29T00:00:00,0.83,0.76,0.74,0.77,0.76,0.8
2025-12-30T00:00:00,0.73,0.86,0.72,0.88,0.78,0.83
2025-12-31T00:00:00,0.8,0.8,0.85,0.74,0.73,0.85
