arrival_time,berth,service_time,delay_flag,start_time,end_time
2025-01-01 07:19:28,MP1,1 days 01:43:53,0,2025-01-01 07:19:28,2025-01-02 09:03:21
2025-01-02 04:14:29,MP2,0 days 20:56:50,0,2025-01-02 04:14:29,2025-01-03 01:11:19
2025-01-02 04:53:53,MP3,0 days 12:23:50,0,2025-01-02 04:53:53,2025-01-02 17:17:43
2025-01-02 06:28:15,MP4,0 days 18:39:18,0,2025-01-02 06:28:15,2025-01-03 01:07:33
2025-01-02 07:04:17,CT1,0 days 16:11:32,0,2025-01-02 07:04:17,2025-01-02 23:15:49
2025-01-02 09:11:46,CT2,0 days 12:26:39,0,2025-01-02 09:11:46,2025-01-02 21:38:25
2025-01-02 14:39:51,MP1,1 days 00:05:02,0,2025-01-02 14:39:51,2025-01-03 14:44:53
2025-01-02 18:09:15,MP3,0 days 19:17:52,1,2025-01-02 18:09:15,2025-01-03 13:27:07
2025-01-03 00:38:55,CT2,0 days 18:17:17,0,2025-01-03 00:38:55,2025-01-03 18:56:12
2025-01-03 11:35:06,CT1,0 days 09:37:45,0,2025-01-03 11:35:06,2025-01-03 21:12:51
2025-01-03 21:10:58,MP4,0 days 17:19:42,0,2025-01-03 21:10:58,2025-01-04 14:30:40
2025-01-03 23:12:35,MP2,0 days 17:28:22,0,2025-01-03 23:12:35,2025-01-04 16:40:57
2025-01-04 13:50:57,MP3,1 days 01:56:53,1,2025-01-04 13:50:57,2025-01-05 15:47:50
2025-01-04 17:08:49,MP1,1 days 09:46:39,1,2025-01-04 17:08:49,2025-01-06 02:55:28
2025-01-04 18:35:21,CT2,0 days 22:32:00,0,2025-01-04 18:35:21,2025-01-05 17:07:21
2025-01-04 18:44:55,CT1,0 days 20:02:32,0,2025-01-04 18:44:55,2025-01-05 14:47:27
2025-01-05 16:53:06,MP4,0 days 23:02:27,0,2025-01-05 16:53:06,2025-01-06 15:55:33
2025-01-05 19:01:17,MP2,0 days 20:51:59,0,2025-01-05 19:01:17,2025-01-06 15:53:16
2025-01-05 19:52:51,CT1,0 days 19:07:32,0,2025-01-05 19:52:51,2025-01-06 15:00:23
2025-01-06 11:22:19,MP3,1 days 05:42:02,1,2025-01-06 11:22:19,2025-01-07 17:04:21
2025-01-06 15:05:55,CT2,1 days 02:40:18,0,2025-01-06 15:05:55,2025-01-07 17:46:13
2025-01-07 03:06:29,MP1,0 days 23:14:37,0,2025-01-07 03:06:29,2025-01-08 02:21:06
2025-01-07 11:19:37,CT1,1 days 01:22:41,0,2025-01-07 11:19:37,2025-01-08 12:42:18
2025-01-07 18:30:14,MP2,0 days 19:43:15,0,2025-01-07 18:30:14,2025-01-08 14:13:29
2025-01-07 23:24:22,MP4,0 days 23:57:40,0,2025-01-07 23:24:22,2025-01-08 23:22:02
2025-01-08 01:37:26,MP3,1 days 05:47:02,0,2025-01-08 01:37:26,2025-01-09 07:24:28
2025-01-08 09:53:36,CT2,0 days 20:38:40,0,2025-01-08 09:53:36,2025-01-09 06:32:16
2025-01-08 11:50:10,MP1,0 days 19:12:15,0,2025-01-08 11:50:10,2025-01-09 07:02:25
2025-01-08 13:04:32,CT1,0 days 20:00:11,0,2025-01-08 13:04:32,2025-01-09 09:04:43
2025-01-08 16:49:40,MP2,0 days 20:18:07,0,2025-01-08 16:49:40,2025-01-09 13:07:47
2025-01-08 20:28:34,MP4,0 days 10:23:40,1,2025-01-09 09:45:42,2025-01-09 20:09:22
2025-01-09 04:55:30,CT2,0 days 20:15:45,0,2025-01-10 02:48:01,2025-01-10 23:03:46
2025-01-09 11:26:46,MP1,1 days 08:15:47,0,2025-01-09 11:26:46,2025-01-10 19:42:33
2025-01-10 03:25:30,MP3,1 days 01:56:33,0,2025-01-10 03:25:30,2025-01-11 05:22:03
2025-01-10 04:12:08,CT1,0 days 20:21:30,0,2025-01-10 04:12:08,2025-01-11 00:33:38
2025-01-11 06:33:26,MP4,0 days 11:27:06,1,2025-01-11 06:33:26,2025-01-11 18:00:32
2025-01-11 10:31:23,MP2,1 days 01:10:01,0,2025-01-11 10:31:23,2025-01-12 11:41:24
2025-01-11 14:22:15,CT2,1 days 03:19:04,0,2025-01-11 14:22:15,2025-01-12 17:41:19
2025-01-12 14:49:48,MP1,1 days 02:36:32,0,2025-01-12 14:49:48,2025-01-13 17:26:20
2025-01-12 22:01:52,CT1,0 days 16:30:18,0,2025-01-12 22:01:52,2025-01-13 14:32:10
2025-01-13 04:59:07,MP3,1 days 01:41:25,0,2025-01-13 04:59:07,2025-01-14 06:40:32
2025-01-13 15:55:09,MP4,1 days 01:54:12,1,2025-01-13 15:55:09,2025-01-14 17:49:21
2025-01-14 12:07:05,MP2,0 days 19:59:06,0,2025-01-14 12:07:05,2025-01-15 08:06:11
2025-01-14 17:24:49,CT2,1 days 00:45:44,0,2025-01-14 17:24:49,2025-01-15 18:10:33
2025-01-15 17:59:59,CT1,1 days 07:55:39,0,2025-01-15 17:59:59,2025-01-17 01:55:38
2025-01-16 02:52:44,MP1,1 days 06:26:55,0,2025-01-16 02:52:44,2025-01-17 09:19:39
2025-01-16 06:37:20,MP3,1 days 01:38:12,0,2025-01-16 06:37:20,2025-01-17 08:15:32
2025-01-16 23:03:34,MP4,1 days 02:51:34,0,2025-01-16 23:03:34,2025-01-18 01:55:08
2025-01-17 09:53:48,MP2,1 days 02:35:26,0,2025-01-17 09:53:48,2025-01-18 12:29:14
2025-01-17 10:04:18,CT2,0 days 21:50:22,0,2025-01-17 10:04:18,2025-01-18 07:54:40
2025-01-17 16:00:07,CT1,1 days 01:30:38,0,2025-01-17 16:00:07,2025-01-18 17:30:45
2025-01-18 01:22:05,MP3,0 days 21:29:53,0,2025-01-18 01:22:05,2025-01-18 22:51:58
2025-01-19 02:24:26,MP1,0 days 20:01:16,0,2025-01-19 02:24:26,2025-01-19 22:25:42
2025-01-20 07:57:29,MP4,1 days 05:23:31,0,2025-01-20 07:57:29,2025-01-21 13:21:00
2025-01-22 01:51:52,CT2,0 days 13:00:03,0,2025-01-22 01:51:52,2025-01-22 14:51:55
2025-01-22 18:18:14,MP2,0 days 21:03:03,1,2025-01-22 18:18:14,2025-01-23 15:21:17
2025-01-23 02:15:35,CT1,1 days 07:57:51,0,2025-01-23 02:15:35,2025-01-24 10:13:26
2025-01-23 10:12:07,MP3,1 days 00:57:53,0,2025-01-23 10:12:07,2025-01-24 11:10:00
2025-01-23 12:24:49,MP1,0 days 23:37:19,0,2025-01-23 12:24:49,2025-01-24 12:02:08
2025-01-23 14:58:50,MP4,1 days 03:03:47,0,2025-01-23 14:58:50,2025-01-24 18:02:37
2025-01-23 18:18:03,CT2,0 days 20:38:40,0,2025-01-23 18:18:03,2025-01-24 14:56:43
2025-01-24 06:35:11,MP2,0 days 21:13:35,0,2025-01-24 06:35:11,2025-01-25 03:48:46
2025-01-24 08:13:37,CT1,1 days 00:20:21,0,2025-01-25 10:33:47,2025-01-26 10:54:08
2025-01-24 15:14:38,MP3,1 days 00:45:09,0,2025-01-24 15:14:38,2025-01-25 15:59:47
2025-01-24 17:41:32,MP1,1 days 02:44:50,0,2025-01-24 17:41:32,2025-01-25 20:26:22
2025-01-25 00:44:29,CT2,0 days 21:00:58,0,2025-01-25 00:44:29,2025-01-25 21:45:27
2025-01-25 22:55:00,MP4,0 days 20:59:22,0,2025-01-25 22:55:00,2025-01-26 19:54:22
2025-01-26 02:58:52,MP2,0 days 23:50:01,0,2025-01-26 02:58:52,2025-01-27 02:48:53
2025-01-26 04:00:07,CT1,1 days 00:38:20,0,2025-01-26 04:00:07,2025-01-27 04:38:27
2025-01-26 07:40:21,MP3,1 days 11:15:25,0,2025-01-26 07:40:21,2025-01-27 18:55:46
2025-01-26 12:24:23,MP1,1 days 08:21:23,1,2025-01-26 12:24:23,2025-01-27 20:45:46
2025-01-27 04:44:25,CT2,0 days 17:31:44,1,2025-01-27 04:44:25,2025-01-27 22:16:09
2025-01-27 11:44:33,MP4,0 days 23:36:43,0,2025-01-27 11:44:33,2025-01-28 11:21:16
2025-01-27 15:09:05,MP2,0 days 13:55:15,0,2025-01-27 15:09:05,2025-01-28 05:04:20
2025-01-28 07:42:51,CT1,1 days 01:33:46,0,2025-01-28 07:42:51,2025-01-29 09:16:37
2025-01-28 11:31:02,MP3,0 days 17:32:37,0,2025-01-28 11:31:02,2025-01-29 05:03:39
2025-01-28 17:48:23,MP1,1 days 09:06:53,0,2025-01-28 17:48:23,2025-01-30 02:55:16
2025-01-28 23:38:10,CT2,1 days 08:37:52,0,2025-01-28 23:38:10,2025-01-30 08:16:02
2025-01-28 23:56:16,MP2,0 days 18:49:26,0,2025-01-28 23:56:16,2025-01-29 18:45:42
2025-01-30 05:49:45,MP4,0 days 23:18:13,0,2025-01-30 05:49:45,2025-01-31 05:07:58
2025-01-30 18:23:59,MP3,0 days 23:29:22,0,2025-01-30 18:23:59,2025-01-31 17:53:21
2025-01-30 22:02:48,CT1,0 days 19:13:39,0,2025-01-30 22:02:48,2025-01-31 17:16:27
2025-01-31 16:10:26,MP2,0 days 19:03:43,0,2025-01-31 16:10:26,2025-02-01 11:14:09
2025-01-31 17:52:26,MP1,0 days 15:36:57,0,2025-01-31 17:52:26,2025-02-01 09:29:23
2025-01-31 19:20:25,CT2,0 days 16:39:21,0,2025-01-31 19:20:25,2025-02-01 11:59:46
2025-02-01 20:34:46,MP4,0 days 22:14:39,0,2025-02-01 20:34:46,2025-02-02 18:49:25
2025-02-02 07:40:18,CT1,1 days 01:06:02,0,2025-02-02 07:40:18,2025-02-03 08:46:20
2025-02-02 19:40:55,MP3,1 days 01:30:11,1,2025-02-02 19:40:55,2025-02-03 21:11:06
2025-02-04 03:03:28,MP1,0 days 18:22:43,0,2025-02-04 03:03:28,2025-02-04 21:26:11
2025-02-05 07:53:32,MP2,0 days 21:01:19,0,2025-02-05 07:53:32,2025-02-06 04:54:51
2025-02-05 14:14:09,CT2,0 days 22:28:28,0,2025-02-05 14:14:09,2025-02-06 12:42:37
2025-02-05 17:11:28,MP4,1 days 03:35:51,0,2025-02-05 17:11:28,2025-02-06 20:47:19
2025-02-06 02:36:40,CT1,1 days 09:07:05,1,2025-02-06 02:36:40,2025-02-07 11:43:45
2025-02-06 10:53:38,MP3,0 days 21:55:42,0,2025-02-06 10:53:38,2025-02-07 08:49:20
2025-02-06 11:56:23,MP1,1 days 00:44:01,0,2025-02-06 11:56:23,2025-02-07 12:40:24
2025-02-06 17:34:49,MP2,0 days 23:37:44,0,2025-02-06 17:34:49,2025-02-07 17:12:33
2025-02-06 21:28:35,CT2,1 days 02:12:09,0,2025-02-06 21:28:35,2025-02-07 23:40:44
2025-02-07 05:16:43,MP4,1 days 00:15:42,0,2025-02-07 05:16:43,2025-02-08 05:32:25
2025-02-07 06:46:37,MP3,1 days 00:21:27,0,2025-02-08 09:10:47,2025-02-09 09:32:14
2025-02-07 14:29:48,CT1,0 days 21:23:19,1,2025-02-07 14:29:48,2025-02-08 11:53:07
2025-02-08 07:52:09,MP1,0 days 23:48:47,1,2025-02-08 07:52:09,2025-02-09 07:40:56
2025-02-09 02:33:44,MP2,0 days 22:34:37,0,2025-02-09 02:33:44,2025-02-10 01:08:21
2025-02-10 00:41:13,CT2,1 days 02:11:45,0,2025-02-10 00:41:13,2025-02-11 02:52:58
2025-02-10 04:45:59,MP4,0 days 22:56:39,0,2025-02-10 04:45:59,2025-02-11 03:42:38
2025-02-11 00:24:29,MP3,0 days 22:51:57,0,2025-02-11 00:24:29,2025-02-11 23:16:26
2025-02-11 01:27:37,CT1,1 days 00:13:33,0,2025-02-11 01:27:37,2025-02-12 01:41:10
2025-02-11 03:58:27,MP1,1 days 02:11:13,0,2025-02-11 03:58:27,2025-02-12 06:09:40
2025-02-11 06:12:18,MP2,0 days 23:12:13,1,2025-02-11 06:12:18,2025-02-12 05:24:31
2025-02-11 13:39:04,CT2,0 days 16:46:11,1,2025-02-11 13:39:04,2025-02-12 06:25:15
2025-02-12 05:20:16,MP4,1 days 00:31:16,0,2025-02-12 05:20:16,2025-02-13 05:51:32
2025-02-12 12:16:18,MP3,0 days 23:01:38,0,2025-02-12 12:16:18,2025-02-13 11:17:56
2025-02-12 15:54:52,CT1,0 days 21:15:27,0,2025-02-12 15:54:52,2025-02-13 13:10:19
2025-02-13 06:34:02,MP2,0 days 23:49:58,0,2025-02-13 06:34:02,2025-02-14 06:24:00
2025-02-13 23:19:02,MP1,0 days 14:49:17,0,2025-02-13 23:19:02,2025-02-14 14:08:19
2025-02-14 08:53:20,CT2,1 days 01:59:52,0,2025-02-14 08:53:20,2025-02-15 10:53:12
2025-02-14 12:09:47,MP4,0 days 22:07:47,0,2025-02-14 12:09:47,2025-02-15 10:17:34
2025-02-15 06:49:38,MP3,0 days 18:38:47,0,2025-02-15 06:49:38,2025-02-16 01:28:25
2025-02-15 14:45:36,CT1,0 days 18:12:24,1,2025-02-15 14:45:36,2025-02-16 08:58:00
2025-02-15 18:11:07,MP2,1 days 03:09:23,0,2025-02-15 18:11:07,2025-02-16 21:20:30
2025-02-15 20:19:30,MP1,0 days 22:08:02,0,2025-02-15 20:19:30,2025-02-16 18:27:32
2025-02-16 17:56:27,MP4,1 days 00:48:44,0,2025-02-16 17:56:27,2025-02-17 18:45:11
2025-02-17 00:15:22,CT2,0 days 16:50:14,0,2025-02-17 00:15:22,2025-02-17 17:05:36
2025-02-17 21:28:44,MP3,0 days 23:12:16,0,2025-02-17 21:28:44,2025-02-18 20:41:00
2025-02-18 00:52:05,CT1,0 days 22:23:02,0,2025-02-18 00:52:05,2025-02-18 23:15:07
2025-02-18 10:15:37,MP1,1 days 08:28:17,0,2025-02-18 10:15:37,2025-02-19 18:43:54
2025-02-18 12:48:25,MP2,1 days 00:43:36,0,2025-02-18 12:48:25,2025-02-19 13:32:01
2025-02-18 17:43:53,CT2,0 days 20:57:16,0,2025-02-18 17:43:53,2025-02-19 14:41:09
2025-02-19 05:03:37,MP4,1 days 02:19:17,0,2025-02-19 05:03:37,2025-02-20 07:22:54
2025-02-19 05:32:38,MP3,1 days 01:23:49,0,2025-02-19 05:32:38,2025-02-20 06:56:27
2025-02-19 11:55:08,CT1,1 days 04:31:25,1,2025-02-19 11:55:08,2025-02-20 16:26:33
2025-02-20 03:36:09,MP2,0 days 19:07:16,0,2025-02-20 03:36:09,2025-02-20 22:43:25
2025-02-20 08:27:50,CT2,1 days 01:13:08,0,2025-02-20 08:27:50,2025-02-21 09:40:58
2025-02-21 01:13:15,MP1,1 days 05:40:01,1,2025-02-21 01:13:15,2025-02-22 06:53:16
2025-02-21 01:54:25,MP3,0 days 12:55:08,0,2025-02-21 01:54:25,2025-02-21 14:49:33
2025-02-21 02:45:34,MP4,1 days 04:27:12,0,2025-02-21 02:45:34,2025-02-22 07:12:46
2025-02-21 07:05:22,CT1,0 days 19:06:49,0,2025-02-21 07:05:22,2025-02-22 02:12:11
2025-02-21 08:33:23,MP2,0 days 16:11:24,0,2025-02-21 08:33:23,2025-02-22 00:44:47
2025-02-21 18:07:36,CT2,1 days 07:39:55,0,2025-02-21 18:07:36,2025-02-23 01:47:31
2025-02-21 21:43:58,MP3,0 days 22:34:17,0,2025-02-21 21:43:58,2025-02-22 20:18:15
2025-02-22 08:48:14,MP2,0 days 19:08:43,0,2025-02-22 08:48:14,2025-02-23 03:56:57
2025-02-22 19:30:13,CT1,0 days 23:55:21,1,2025-02-22 19:30:13,2025-02-23 19:25:34
2025-02-23 20:22:08,MP1,0 days 21:21:01,0,2025-02-23 20:22:08,2025-02-24 17:43:09
2025-02-25 10:45:43,MP4,0 days 20:39:50,0,2025-02-25 10:45:43,2025-02-26 07:25:33
2025-02-25 23:56:07,MP3,0 days 18:35:10,0,2025-02-25 23:56:07,2025-02-26 18:31:17
2025-02-26 06:56:16,CT2,1 days 04:08:48,0,2025-02-26 06:56:16,2025-02-27 11:05:04
2025-02-26 11:43:51,MP2,0 days 23:15:04,0,2025-02-26 11:43:51,2025-02-27 10:58:55
2025-02-26 19:47:47,CT1,1 days 02:13:26,0,2025-02-26 19:47:47,2025-02-27 22:01:13
2025-02-26 23:39:29,MP1,0 days 18:54:36,0,2025-02-26 23:39:29,2025-02-27 18:34:05
2025-02-27 08:07:05,MP4,1 days 00:48:15,0,2025-02-27 08:07:05,2025-02-28 08:55:20
2025-02-27 13:34:30,MP3,0 days 22:26:09,0,2025-02-27 13:34:30,2025-02-28 12:00:39
2025-02-27 23:53:22,MP2,0 days 16:42:41,0,2025-02-27 23:53:22,2025-02-28 16:36:03
2025-02-28 02:29:13,CT2,0 days 20:51:17,0,2025-02-28 02:29:13,2025-02-28 23:20:30
2025-02-28 04:20:12,MP1,0 days 22:57:55,0,2025-02-28 04:20:12,2025-03-01 03:18:07
2025-02-28 07:23:41,CT1,1 days 01:41:17,0,2025-02-28 07:23:41,2025-03-01 09:04:58
2025-03-01 11:30:17,MP4,0 days 15:29:50,0,2025-03-01 11:30:17,2025-03-02 03:00:07
2025-03-01 11:36:09,MP3,0 days 22:31:40,0,2025-03-01 11:36:09,2025-03-02 10:07:49
2025-03-01 16:34:36,MP2,0 days 22:38:56,0,2025-03-01 16:34:36,2025-03-02 15:13:32
2025-03-02 00:59:11,CT2,0 days 18:38:36,0,2025-03-02 00:59:11,2025-03-02 19:37:47
2025-03-02 05:45:32,MP1,0 days 21:37:00,0,2025-03-02 05:45:32,2025-03-03 03:22:32
2025-03-02 15:41:16,CT1,0 days 20:19:04,0,2025-03-02 15:41:16,2025-03-03 12:00:20
2025-03-02 15:59:14,MP4,1 days 00:23:42,0,2025-03-02 15:59:14,2025-03-03 16:22:56
2025-03-02 18:39:41,MP3,0 days 15:27:47,0,2025-03-02 18:39:41,2025-03-03 10:07:28
2025-03-02 23:14:10,MP2,1 days 01:26:18,0,2025-03-02 23:14:10,2025-03-04 00:40:28
2025-03-03 06:01:47,CT2,1 days 04:18:03,0,2025-03-03 06:01:47,2025-03-04 10:19:50
2025-03-03 12:42:57,MP1,0 days 17:35:39,0,2025-03-03 12:42:57,2025-03-04 06:18:36
2025-03-03 13:51:35,MP3,1 days 00:19:06,0,2025-03-03 13:51:35,2025-03-04 14:10:41
2025-03-03 23:52:30,CT1,0 days 21:35:38,0,2025-03-03 23:52:30,2025-03-04 21:28:08
2025-03-04 01:13:02,MP4,1 days 02:45:04,0,2025-03-04 01:13:02,2025-03-05 03:58:06
2025-03-04 18:49:33,MP2,1 days 04:15:11,0,2025-03-04 18:49:33,2025-03-05 23:04:44
2025-03-06 23:35:34,MP1,0 days 22:40:04,0,2025-03-06 23:35:34,2025-03-07 22:15:38
2025-03-06 23:39:58,CT2,0 days 21:36:38,0,2025-03-06 23:39:58,2025-03-07 21:16:36
2025-03-07 14:34:45,MP3,1 days 02:32:21,0,2025-03-07 14:34:45,2025-03-08 17:07:06
2025-03-07 18:01:36,CT1,0 days 23:39:11,1,2025-03-07 18:01:36,2025-03-08 17:40:47
2025-03-08 07:08:47,MP4,0 days 15:07:17,0,2025-03-08 07:08:47,2025-03-08 22:16:04
2025-03-08 16:12:46,MP2,0 days 20:37:35,0,2025-03-08 16:12:46,2025-03-09 12:50:21
2025-03-09 10:43:45,CT2,0 days 21:16:31,0,2025-03-09 10:43:45,2025-03-10 08:00:16
2025-03-09 18:29:46,MP1,0 days 19:09:17,0,2025-03-09 18:29:46,2025-03-10 13:39:03
2025-03-09 21:59:28,MP3,0 days 22:46:40,0,2025-03-09 21:59:28,2025-03-10 20:46:08
2025-03-10 03:28:47,CT1,1 days 04:29:31,0,2025-03-10 03:28:47,2025-03-11 07:58:18
2025-03-10 04:15:47,MP4,0 days 19:59:22,0,2025-03-10 04:15:47,2025-03-11 00:15:09
2025-03-10 06:05:41,MP2,1 days 05:09:34,0,2025-03-10 06:05:41,2025-03-11 11:15:15
2025-03-10 06:11:25,CT2,1 days 00:49:43,1,2025-03-11 08:49:59,2025-03-12 09:39:42
2025-03-10 06:58:42,MP1,0 days 12:54:55,0,2025-03-11 02:33:58,2025-03-11 15:28:53
2025-03-10 08:08:47,MP3,1 days 00:39:56,0,2025-03-11 21:26:04,2025-03-12 22:06:00
2025-03-10 11:24:46,MP4,1 days 06:30:01,1,2025-03-12 06:45:10,2025-03-13 13:15:11
2025-03-10 13:59:33,MP1,0 days 23:31:26,0,2025-03-12 02:05:24,2025-03-13 01:36:50
2025-03-10 16:48:50,CT1,1 days 01:26:20,0,2025-03-12 09:24:38,2025-03-13 10:50:58
2025-03-10 19:38:41,CT2,1 days 05:14:34,1,2025-03-12 14:04:33,2025-03-13 19:19:07
2025-03-10 23:39:55,MP2,0 days 15:55:06,0,2025-03-12 03:10:21,2025-03-12 19:05:27
2025-03-11 02:18:14,MP3,0 days 15:12:48,0,2025-03-12 12:38:52,2025-03-13 03:51:40
2025-03-11 16:48:27,MP1,0 days 18:05:00,0,2025-03-12 20:10:24,2025-03-13 14:15:24
2025-03-12 01:38:10,MP2,1 days 01:47:30,0,2025-03-13 04:57:51,2025-03-14 06:45:21
2025-03-12 02:29:29,MP4,0 days 21:55:01,0,2025-03-13 04:40:11,2025-03-14 02:35:12
2025-03-12 21:11:54,CT1,0 days 23:14:27,0,2025-03-12 21:11:54,2025-03-13 20:26:21
2025-03-15 02:49:40,MP3,0 days 20:48:47,0,2025-03-15 02:49:40,2025-03-15 23:38:27
2025-03-15 09:46:52,CT2,1 days 00:14:26,0,2025-03-15 09:46:52,2025-03-16 10:01:18
2025-03-15 11:29:19,MP1,0 days 19:47:17,0,2025-03-15 11:29:19,2025-03-16 07:16:36
2025-03-15 12:58:55,MP4,0 days 21:14:15,1,2025-03-15 12:58:55,2025-03-16 10:13:10
2025-03-15 17:15:17,MP2,1 days 03:03:22,0,2025-03-15 17:15:17,2025-03-16 20:18:39
2025-03-16 03:05:39,CT1,0 days 16:11:52,0,2025-03-16 03:05:39,2025-03-16 19:17:31
2025-03-17 09:32:36,MP3,0 days 16:24:02,0,2025-03-17 09:32:36,2025-03-18 01:56:38
2025-03-17 21:10:10,MP1,1 days 01:05:36,0,2025-03-17 21:10:10,2025-03-18 22:15:46
2025-03-17 22:16:32,CT2,0 days 18:03:21,0,2025-03-17 22:16:32,2025-03-18 16:19:53
2025-03-18 01:44:14,MP4,0 days 22:28:23,0,2025-03-18 01:44:14,2025-03-19 00:12:37
2025-03-18 02:10:51,CT1,0 days 20:37:43,0,2025-03-18 02:10:51,2025-03-18 22:48:34
2025-03-18 17:43:06,MP2,0 days 17:59:00,0,2025-03-18 17:43:06,2025-03-19 11:42:06
2025-03-19 05:51:34,MP3,0 days 22:03:36,0,2025-03-19 05:51:34,2025-03-20 03:55:10
2025-03-19 14:49:31,CT2,1 days 05:12:41,1,2025-03-19 14:49:31,2025-03-20 20:02:12
2025-03-20 08:33:06,MP1,0 days 21:46:41,0,2025-03-20 08:33:06,2025-03-21 06:19:47
2025-03-20 18:05:31,CT1,0 days 18:46:12,0,2025-03-20 18:05:31,2025-03-21 12:51:43
2025-03-21 11:34:40,MP4,0 days 22:01:17,0,2025-03-21 11:34:40,2025-03-22 09:35:57
2025-03-22 15:28:11,MP2,0 days 23:26:32,0,2025-03-22 15:28:11,2025-03-23 14:54:43
2025-03-22 19:30:14,MP3,0 days 23:38:15,0,2025-03-22 19:30:14,2025-03-23 19:08:29
2025-03-23 02:03:30,CT2,0 days 19:10:27,0,2025-03-23 02:03:30,2025-03-23 21:13:57
2025-03-23 11:32:45,MP1,1 days 05:46:58,0,2025-03-23 11:32:45,2025-03-24 17:19:43
2025-03-23 17:00:57,CT1,0 days 17:31:05,0,2025-03-23 17:00:57,2025-03-24 10:32:02
2025-03-23 17:03:44,MP4,1 days 01:01:25,0,2025-03-23 17:03:44,2025-03-24 18:05:09
2025-03-23 19:01:09,MP2,1 days 03:46:59,0,2025-03-23 19:01:09,2025-03-24 22:48:08
2025-03-24 02:16:40,MP3,0 days 17:21:29,0,2025-03-24 02:16:40,2025-03-24 19:38:09
2025-03-24 02:45:58,CT2,0 days 23:56:52,0,2025-03-24 02:45:58,2025-03-25 02:42:50
2025-03-24 16:15:59,CT1,0 days 19:19:02,0,2025-03-24 16:15:59,2025-03-25 11:35:01
2025-03-25 00:51:05,MP1,1 days 00:04:36,0,2025-03-25 00:51:05,2025-03-26 00:55:41
2025-03-25 15:30:26,MP4,0 days 23:45:04,0,2025-03-25 15:30:26,2025-03-26 15:15:30
2025-03-25 15:57:58,MP3,0 days 21:08:46,0,2025-03-25 15:57:58,2025-03-26 13:06:44
2025-03-26 09:24:23,MP2,0 days 23:54:08,0,2025-03-26 09:24:23,2025-03-27 09:18:31
2025-03-26 12:25:44,CT2,1 days 01:03:10,0,2025-03-26 12:25:44,2025-03-27 13:28:54
2025-03-26 21:55:52,CT1,0 days 23:57:07,0,2025-03-26 21:55:52,2025-03-27 21:52:59
2025-03-26 22:23:36,MP1,1 days 00:27:33,0,2025-03-26 22:23:36,2025-03-27 22:51:09
2025-03-27 17:25:17,MP3,0 days 17:45:48,0,2025-03-27 17:25:17,2025-03-28 11:11:05
2025-03-28 00:13:41,MP4,1 days 00:43:44,0,2025-03-28 00:13:41,2025-03-29 00:57:25
2025-03-28 03:19:57,MP2,1 days 00:38:19,0,2025-03-28 03:19:57,2025-03-29 03:58:16
2025-03-28 10:48:20,CT2,1 days 06:35:10,0,2025-03-28 10:48:20,2025-03-29 17:23:30
2025-03-28 10:48:57,CT1,1 days 04:51:31,0,2025-03-28 10:48:57,2025-03-29 15:40:28
2025-03-28 16:29:46,MP1,1 days 03:53:47,0,2025-03-28 16:29:46,2025-03-29 20:23:33
2025-03-28 19:23:13,MP3,0 days 14:24:31,0,2025-03-28 19:23:13,2025-03-29 09:47:44
2025-03-28 21:17:32,MP4,0 days 20:19:11,0,2025-03-29 21:16:36,2025-03-30 17:35:47
2025-03-29 01:25:54,MP2,1 days 00:03:56,0,2025-03-30 04:02:12,2025-03-31 04:06:08
2025-03-29 04:11:27,MP3,0 days 13:57:36,0,2025-03-29 23:45:20,2025-03-30 13:42:56
2025-03-29 07:30:06,CT1,1 days 00:12:33,1,2025-03-30 15:53:01,2025-03-31 16:05:34
2025-03-29 15:59:09,CT2,1 days 02:28:25,0,2025-03-30 19:51:55,2025-03-31 22:20:20
2025-03-29 18:48:13,MP1,0 days 19:48:29,0,2025-03-30 16:12:02,2025-03-31 12:00:31
2025-03-29 22:04:59,MP4,0 days 22:41:15,0,2025-03-29 22:04:59,2025-03-30 20:46:14
2025-03-30 05:28:24,MP3,1 days 06:43:33,0,2025-03-30 05:28:24,2025-03-31 12:11:57
2025-03-30 20:34:24,MP2,1 days 05:52:54,0,2025-03-30 20:34:24,2025-04-01 02:27:18
2025-03-30 21:25:52,CT1,1 days 01:40:29,0,2025-03-30 21:25:52,2025-03-31 23:06:21
2025-03-30 23:33:11,MP1,0 days 22:20:59,0,2025-03-30 23:33:11,2025-03-31 21:54:10
2025-04-01 02:25:33,CT2,0 days 16:11:07,1,2025-04-01 02:25:33,2025-04-01 18:36:40
2025-04-01 04:53:43,MP4,0 days 21:30:53,0,2025-04-01 04:53:43,2025-04-02 02:24:36
2025-04-01 06:44:17,MP3,0 days 22:44:42,0,2025-04-01 06:44:17,2025-04-02 05:28:59
2025-04-01 07:28:18,MP1,1 days 00:42:28,0,2025-04-01 07:28:18,2025-04-02 08:10:46
2025-04-01 13:01:04,CT1,0 days 15:33:58,0,2025-04-01 13:01:04,2025-04-02 04:35:02
2025-04-01 15:03:39,MP2,0 days 23:42:46,0,2025-04-01 15:03:39,2025-04-02 14:46:25
2025-04-02 12:46:42,CT2,1 days 00:52:33,0,2025-04-02 12:46:42,2025-04-03 13:39:15
2025-04-03 00:59:51,MP4,0 days 22:29:35,0,2025-04-03 00:59:51,2025-04-03 23:29:26
2025-04-03 07:45:28,CT1,1 days 04:13:25,0,2025-04-03 07:45:28,2025-04-04 11:58:53
2025-04-03 10:20:16,MP3,1 days 06:30:55,0,2025-04-03 10:20:16,2025-04-04 16:51:11
2025-04-03 14:38:46,MP1,0 days 21:58:58,0,2025-04-03 14:38:46,2025-04-04 12:37:44
2025-04-03 22:04:23,MP2,0 days 23:01:15,0,2025-04-03 22:04:23,2025-04-04 21:05:38
2025-04-04 03:41:07,CT2,0 days 18:16:05,1,2025-04-04 03:41:07,2025-04-04 21:57:12
2025-04-04 07:32:20,MP4,0 days 23:42:41,0,2025-04-04 07:32:20,2025-04-05 07:15:01
2025-04-04 10:37:08,CT1,1 days 07:40:17,0,2025-04-05 19:39:10,2025-04-07 03:19:27
2025-04-05 10:22:52,MP1,0 days 15:48:00,0,2025-04-05 10:22:52,2025-04-06 02:10:52
2025-04-05 11:47:44,MP3,0 days 22:37:19,0,2025-04-05 11:47:44,2025-04-06 10:25:03
2025-04-05 19:28:23,MP2,0 days 17:22:08,0,2025-04-05 19:28:23,2025-04-06 12:50:31
2025-04-06 02:33:20,CT2,1 days 06:17:28,0,2025-04-06 02:33:20,2025-04-07 08:50:48
2025-04-06 03:43:08,MP4,0 days 20:40:55,0,2025-04-06 03:43:08,2025-04-07 00:24:03
2025-04-07 11:53:28,CT1,0 days 19:34:11,0,2025-04-07 11:53:28,2025-04-08 07:27:39
2025-04-07 13:14:50,MP1,0 days 16:41:24,0,2025-04-07 13:14:50,2025-04-08 05:56:14
2025-04-07 13:46:35,MP3,1 days 00:00:58,0,2025-04-07 13:46:35,2025-04-08 13:47:33
2025-04-07 18:55:40,MP2,0 days 23:43:20,1,2025-04-07 18:55:40,2025-04-08 18:39:00
2025-04-08 21:27:38,MP4,1 days 03:55:40,0,2025-04-08 21:27:38,2025-04-10 01:23:18
2025-04-09 06:00:24,CT2,0 days 14:35:22,0,2025-04-09 06:00:24,2025-04-09 20:35:46
2025-04-09 19:23:50,MP1,0 days 23:54:06,0,2025-04-09 19:23:50,2025-04-10 19:17:56
2025-04-09 21:47:52,CT1,0 days 21:52:04,0,2025-04-09 21:47:52,2025-04-10 19:39:56
2025-04-09 23:19:37,MP3,0 days 22:51:17,0,2025-04-09 23:19:37,2025-04-10 22:10:54
2025-04-10 02:54:21,MP2,0 days 15:30:09,0,2025-04-10 02:54:21,2025-04-10 18:24:30
2025-04-10 14:43:14,CT2,1 days 00:12:07,0,2025-04-10 14:43:14,2025-04-11 14:55:21
2025-04-10 15:43:12,MP4,0 days 20:51:45,0,2025-04-10 15:43:12,2025-04-11 12:34:57
2025-04-10 18:53:45,MP2,0 days 21:00:55,0,2025-04-10 18:53:45,2025-04-11 15:54:40
2025-04-10 23:28:36,MP1,0 days 18:56:02,0,2025-04-10 23:28:36,2025-04-11 18:24:38
2025-04-11 03:11:21,CT1,0 days 23:18:37,0,2025-04-11 03:11:21,2025-04-12 02:29:58
2025-04-11 15:17:34,MP3,1 days 04:26:58,0,2025-04-11 15:17:34,2025-04-12 19:44:32
2025-04-11 18:10:33,MP4,1 days 02:03:24,0,2025-04-11 18:10:33,2025-04-12 20:13:57
2025-04-11 23:36:39,CT2,1 days 05:10:43,0,2025-04-11 23:36:39,2025-04-13 04:47:22
2025-04-12 00:14:29,MP2,1 days 00:09:40,0,2025-04-12 00:14:29,2025-04-13 00:24:09
2025-04-12 13:36:16,MP1,1 days 01:43:09,0,2025-04-12 13:36:16,2025-04-13 15:19:25
2025-04-12 16:45:32,CT1,0 days 21:07:37,0,2025-04-12 16:45:32,2025-04-13 13:53:09
2025-04-13 00:33:37,MP3,0 days 22:28:59,0,2025-04-13 00:33:37,2025-04-13 23:02:36
2025-04-13 09:34:48,MP4,1 days 04:07:36,0,2025-04-13 09:34:48,2025-04-14 13:42:24
2025-04-13 11:42:18,MP2,1 days 04:53:47,1,2025-04-13 11:42:18,2025-04-14 16:36:05
2025-04-14 11:16:07,CT2,0 days 13:20:27,0,2025-04-14 11:16:07,2025-04-15 00:36:34
2025-04-14 11:43:02,CT1,1 days 02:02:37,0,2025-04-14 11:43:02,2025-04-15 13:45:39
2025-04-14 13:20:16,MP1,0 days 15:51:10,0,2025-04-14 13:20:16,2025-04-15 05:11:26
2025-04-14 14:36:59,MP3,1 days 02:35:57,0,2025-04-14 14:36:59,2025-04-15 17:12:56
2025-04-14 20:18:48,MP4,1 days 05:18:21,0,2025-04-14 20:18:48,2025-04-16 01:37:09
2025-04-15 12:33:42,MP2,1 days 03:22:47,0,2025-04-15 12:33:42,2025-04-16 15:56:29
2025-04-16 04:06:10,CT2,0 days 22:22:16,0,2025-04-16 04:06:10,2025-04-17 02:28:26
2025-04-16 19:18:43,MP1,1 days 01:59:14,0,2025-04-16 19:18:43,2025-04-17 21:17:57
2025-04-16 23:56:40,CT1,0 days 22:34:57,0,2025-04-16 23:56:40,2025-04-17 22:31:37
2025-04-17 01:21:27,MP3,1 days 06:52:17,0,2025-04-17 01:21:27,2025-04-18 08:13:44
2025-04-17 02:05:20,MP4,0 days 23:08:27,0,2025-04-17 02:05:20,2025-04-18 01:13:47
2025-04-17 08:37:01,MP2,0 days 19:15:17,0,2025-04-17 08:37:01,2025-04-18 03:52:18
2025-04-17 13:37:39,CT2,1 days 01:09:37,0,2025-04-17 13:37:39,2025-04-18 14:47:16
2025-04-17 18:19:45,MP1,0 days 22:42:44,0,2025-04-18 20:00:41,2025-04-19 18:43:25
2025-04-18 00:59:17,CT1,1 days 02:06:33,0,2025-04-18 00:59:17,2025-04-19 03:05:50
2025-04-19 01:10:20,MP4,0 days 18:42:02,0,2025-04-19 01:10:20,2025-04-19 19:52:22
2025-04-19 05:50:55,MP2,0 days 23:38:36,0,2025-04-19 05:50:55,2025-04-20 05:29:31
2025-04-19 23:12:38,MP3,0 days 21:58:24,0,2025-04-19 23:12:38,2025-04-20 21:11:02
2025-04-20 23:19:14,CT2,0 days 16:43:35,0,2025-04-20 23:19:14,2025-04-21 16:02:49
2025-04-21 00:29:17,MP1,1 days 01:32:52,0,2025-04-21 00:29:17,2025-04-22 02:02:09
2025-04-21 02:55:18,CT1,1 days 02:06:01,0,2025-04-21 02:55:18,2025-04-22 05:01:19
2025-04-21 08:27:08,MP4,0 days 22:44:38,0,2025-04-21 08:27:08,2025-04-22 07:11:46
2025-04-21 10:19:00,MP2,1 days 02:15:32,0,2025-04-21 10:19:00,2025-04-22 12:34:32
2025-04-21 20:18:59,MP3,1 days 01:14:29,0,2025-04-21 20:18:59,2025-04-22 21:33:28
2025-04-21 23:34:05,CT2,0 days 17:21:15,0,2025-04-21 23:34:05,2025-04-22 16:55:20
2025-04-22 19:12:10,MP1,0 days 20:53:41,0,2025-04-22 19:12:10,2025-04-23 16:05:51
2025-04-24 04:55:39,CT1,0 days 22:29:33,0,2025-04-24 04:55:39,2025-04-25 03:25:12
2025-04-24 07:15:28,MP4,0 days 20:03:37,0,2025-04-24 07:15:28,2025-04-25 03:19:05
2025-04-24 16:22:49,MP2,1 days 03:14:10,0,2025-04-24 16:22:49,2025-04-25 19:36:59
2025-04-24 21:33:04,CT2,0 days 16:30:59,0,2025-04-24 21:33:04,2025-04-25 14:04:03
2025-04-25 18:22:43,MP3,0 days 20:10:29,0,2025-04-25 18:22:43,2025-04-26 14:33:12
2025-04-27 02:29:17,MP1,0 days 16:55:34,0,2025-04-27 02:29:17,2025-04-27 19:24:51
2025-04-27 06:57:02,MP4,1 days 06:44:38,0,2025-04-27 06:57:02,2025-04-28 13:41:40
2025-04-27 19:26:18,CT1,0 days 21:03:10,0,2025-04-27 19:26:18,2025-04-28 16:29:28
2025-04-27 21:41:32,CT2,0 days 20:18:03,0,2025-04-27 21:41:32,2025-04-28 17:59:35
2025-04-28 01:10:26,MP2,0 days 20:30:37,0,2025-04-28 01:10:26,2025-04-28 21:41:03
2025-04-28 06:34:51,MP3,0 days 23:18:11,0,2025-04-28 06:34:51,2025-04-29 05:53:02
2025-04-28 09:09:32,MP1,0 days 16:21:25,0,2025-04-28 09:09:32,2025-04-29 01:30:57
2025-04-28 17:29:19,MP4,1 days 02:10:00,0,2025-04-28 17:29:19,2025-04-29 19:39:19
2025-04-28 22:27:06,CT1,1 days 03:58:45,0,2025-04-28 22:27:06,2025-04-30 02:25:51
2025-04-29 05:18:10,CT2,0 days 23:32:31,0,2025-04-29 05:18:10,2025-04-30 04:50:41
2025-04-29 06:37:49,MP2,1 days 00:52:57,0,2025-04-29 06:37:49,2025-04-30 07:30:46
2025-04-29 09:23:38,MP1,1 days 10:02:59,0,2025-04-29 09:23:38,2025-04-30 19:26:37
2025-04-29 16:58:23,MP3,1 days 00:02:30,0,2025-04-29 16:58:23,2025-04-30 17:00:53
2025-04-29 18:02:57,MP4,0 days 23:27:31,0,2025-04-30 19:06:50,2025-05-01 18:34:21
2025-04-30 03:56:20,CT1,0 days 22:39:07,0,2025-04-30 03:56:20,2025-05-01 02:35:27
2025-04-30 06:51:57,CT2,0 days 20:08:28,0,2025-04-30 06:51:57,2025-05-01 03:00:25
2025-04-30 10:34:44,MP2,0 days 22:16:43,0,2025-04-30 10:34:44,2025-05-01 08:51:27
2025-05-01 04:14:25,MP3,1 days 01:14:34,0,2025-05-01 04:14:25,2025-05-02 05:28:59
2025-05-01 06:49:09,MP4,0 days 18:14:32,0,2025-05-01 06:49:09,2025-05-02 01:03:41
2025-05-01 10:31:34,MP1,0 days 23:26:58,0,2025-05-01 10:31:34,2025-05-02 09:58:32
2025-05-02 04:04:02,CT1,1 days 02:13:27,0,2025-05-02 04:04:02,2025-05-03 06:17:29
2025-05-02 05:38:18,CT2,0 days 23:04:35,0,2025-05-02 05:38:18,2025-05-03 04:42:53
2025-05-02 07:01:35,MP2,0 days 22:50:05,0,2025-05-02 07:01:35,2025-05-03 05:51:40
2025-05-02 08:14:00,MP4,1 days 01:33:06,0,2025-05-02 08:14:00,2025-05-03 09:47:06
2025-05-02 09:19:32,MP3,1 days 07:47:15,1,2025-05-02 09:19:32,2025-05-03 17:06:47
2025-05-02 13:31:15,MP1,0 days 21:45:05,0,2025-05-02 13:31:15,2025-05-03 11:16:20
2025-05-02 22:19:27,CT2,1 days 02:47:18,0,2025-05-04 07:30:11,2025-05-05 10:17:29
2025-05-03 07:51:50,MP2,1 days 01:04:51,0,2025-05-03 07:51:50,2025-05-04 08:56:41
2025-05-03 11:36:51,CT1,1 days 08:07:17,0,2025-05-03 11:36:51,2025-05-04 19:44:08
2025-05-04 00:50:22,MP4,0 days 19:50:39,0,2025-05-04 00:50:22,2025-05-04 20:41:01
2025-05-04 15:04:14,MP1,0 days 19:21:35,1,2025-05-04 15:04:14,2025-05-05 10:25:49
2025-05-05 18:55:36,MP3,0 days 15:46:39,0,2025-05-05 18:55:36,2025-05-06 10:42:15
2025-05-05 20:52:21,CT2,1 days 02:47:34,1,2025-05-05 20:52:21,2025-05-06 23:39:55
2025-05-05 23:25:36,MP2,0 days 17:27:45,1,2025-05-05 23:25:36,2025-05-06 16:53:21
2025-05-06 03:11:00,CT1,0 days 23:56:23,0,2025-05-06 03:11:00,2025-05-07 03:07:23
2025-05-06 19:47:11,MP4,0 days 22:51:09,0,2025-05-06 19:47:11,2025-05-07 18:38:20
2025-05-07 00:25:38,MP1,0 days 17:22:35,0,2025-05-07 00:25:38,2025-05-07 17:48:13
2025-05-07 06:54:00,MP3,0 days 19:05:01,0,2025-05-07 06:54:00,2025-05-08 01:59:01
2025-05-07 18:44:59,MP2,1 days 00:57:46,0,2025-05-07 18:44:59,2025-05-08 19:42:45
2025-05-07 21:26:34,CT2,0 days 20:05:39,0,2025-05-07 21:26:34,2025-05-08 17:32:13
2025-05-08 01:01:25,CT1,1 days 04:52:23,0,2025-05-08 01:01:25,2025-05-09 05:53:48
2025-05-08 02:47:07,MP1,1 days 02:31:53,0,2025-05-08 02:47:07,2025-05-09 05:19:00
2025-05-08 07:32:42,MP4,1 days 02:48:13,1,2025-05-08 07:32:42,2025-05-09 10:20:55
2025-05-08 08:17:57,MP3,0 days 13:40:56,0,2025-05-08 08:17:57,2025-05-08 21:58:53
2025-05-08 09:15:20,CT2,0 days 13:09:14,0,2025-05-09 06:41:27,2025-05-09 19:50:41
2025-05-08 22:27:49,MP2,0 days 23:07:59,0,2025-05-08 22:27:49,2025-05-09 21:35:48
2025-05-09 02:00:17,MP3,0 days 18:29:05,1,2025-05-09 02:00:17,2025-05-09 20:29:22
2025-05-09 02:04:59,MP1,0 days 23:19:54,0,2025-05-10 04:38:54,2025-05-11 03:58:48
2025-05-09 07:05:52,CT1,0 days 20:39:57,0,2025-05-09 07:05:52,2025-05-10 03:45:49
2025-05-09 11:12:22,CT2,0 days 14:43:27,0,2025-05-09 11:12:22,2025-05-10 01:55:49
2025-05-10 06:39:21,MP4,0 days 23:43:33,0,2025-05-10 06:39:21,2025-05-11 06:22:54
2025-05-10 10:30:57,MP3,0 days 17:01:19,0,2025-05-10 10:30:57,2025-05-11 03:32:16
2025-05-10 23:09:26,MP2,1 days 04:43:14,0,2025-05-10 23:09:26,2025-05-12 03:52:40
2025-05-11 13:51:03,CT2,1 days 03:11:58,0,2025-05-11 13:51:03,2025-05-12 17:03:01
2025-05-11 16:31:20,CT1,0 days 18:57:42,0,2025-05-11 16:31:20,2025-05-12 11:29:02
2025-05-11 21:50:51,MP1,1 days 02:07:36,0,2025-05-11 21:50:51,2025-05-12 23:58:27
2025-05-12 01:29:38,MP3,0 days 20:10:29,0,2025-05-12 01:29:38,2025-05-12 21:40:07
2025-05-13 00:33:38,MP4,0 days 17:31:10,0,2025-05-13 00:33:38,2025-05-13 18:04:48
2025-05-14 02:54:36,MP2,1 days 04:09:51,0,2025-05-14 02:54:36,2025-05-15 07:04:27
2025-05-14 03:02:32,CT1,1 days 05:11:54,0,2025-05-14 03:02:32,2025-05-15 08:14:26
2025-05-14 11:11:03,CT2,0 days 22:18:41,0,2025-05-14 11:11:03,2025-05-15 09:29:44
2025-05-15 01:24:05,MP3,0 days 17:56:07,0,2025-05-15 01:24:05,2025-05-15 19:20:12
2025-05-15 11:35:35,MP1,1 days 09:45:33,0,2025-05-15 11:35:35,2025-05-16 21:21:08
2025-05-15 18:26:33,MP4,0 days 13:22:01,0,2025-05-15 18:26:33,2025-05-16 07:48:34
2025-05-16 01:33:19,MP2,1 days 08:22:42,0,2025-05-16 01:33:19,2025-05-17 09:56:01
2025-05-16 09:51:04,CT1,0 days 15:19:02,0,2025-05-16 09:51:04,2025-05-17 01:10:06
2025-05-16 10:54:36,CT2,0 days 20:16:18,0,2025-05-16 10:54:36,2025-05-17 07:10:54
2025-05-17 02:39:55,MP3,0 days 22:12:28,0,2025-05-17 02:39:55,2025-05-18 00:52:23
2025-05-17 18:42:24,MP4,0 days 19:45:06,1,2025-05-17 18:42:24,2025-05-18 14:27:30
2025-05-17 22:08:52,MP1,0 days 22:15:36,0,2025-05-17 22:08:52,2025-05-18 20:24:28
2025-05-18 03:59:04,CT1,1 days 06:06:01,0,2025-05-18 03:59:04,2025-05-19 10:05:05
2025-05-18 08:01:34,CT2,0 days 16:52:20,0,2025-05-18 08:01:34,2025-05-19 00:53:54
2025-05-18 20:53:11,MP2,1 days 01:05:19,0,2025-05-18 20:53:11,2025-05-19 21:58:30
2025-05-19 03:25:28,MP3,0 days 22:59:25,0,2025-05-19 03:25:28,2025-05-20 02:24:53
2025-05-19 20:39:28,MP4,0 days 23:11:04,0,2025-05-19 20:39:28,2025-05-20 19:50:32
2025-05-19 21:51:39,MP1,0 days 19:31:53,0,2025-05-19 21:51:39,2025-05-20 17:23:32
2025-05-19 22:24:45,CT2,0 days 20:17:22,0,2025-05-19 22:24:45,2025-05-20 18:42:07
2025-05-20 02:02:33,CT1,0 days 22:47:32,0,2025-05-20 02:02:33,2025-05-21 00:50:05
2025-05-20 23:24:09,MP2,0 days 23:54:57,0,2025-05-20 23:24:09,2025-05-21 23:19:06
2025-05-21 05:34:39,MP3,0 days 20:30:29,0,2025-05-21 05:34:39,2025-05-22 02:05:08
2025-05-21 09:54:46,MP1,0 days 21:11:03,0,2025-05-21 09:54:46,2025-05-22 07:05:49
2025-05-21 16:29:50,CT2,0 days 22:57:49,0,2025-05-21 16:29:50,2025-05-22 15:27:39
2025-05-21 18:38:53,MP4,1 days 02:02:35,0,2025-05-21 18:38:53,2025-05-22 20:41:28
2025-05-21 20:24:17,CT1,0 days 15:26:09,0,2025-05-21 20:24:17,2025-05-22 11:50:26
2025-05-21 20:44:07,MP2,1 days 06:28:12,1,2025-05-23 05:47:18,2025-05-24 12:15:30
2025-05-22 03:03:30,MP3,0 days 17:45:35,0,2025-05-22 03:03:30,2025-05-22 20:49:05
2025-05-22 03:17:42,MP1,0 days 18:13:12,0,2025-05-23 01:19:01,2025-05-23 19:32:13
2025-05-22 04:19:43,CT1,1 days 02:00:43,0,2025-05-23 13:51:09,2025-05-24 15:51:52
2025-05-22 05:01:25,CT2,0 days 18:23:12,0,2025-05-23 09:50:51,2025-05-24 04:14:03
2025-05-22 07:45:01,MP4,0 days 17:59:06,0,2025-05-23 14:40:34,2025-05-24 08:39:40
2025-05-22 11:38:11,MP3,0 days 20:59:25,0,2025-05-23 17:48:30,2025-05-24 14:47:55
2025-05-22 14:17:30,MP1,0 days 16:48:24,0,2025-05-23 18:07:25,2025-05-24 10:55:49
2025-05-22 18:43:33,MP2,0 days 19:58:30,0,2025-05-24 01:45:48,2025-05-24 21:44:18
2025-05-23 06:18:54,CT2,1 days 05:54:38,0,2025-05-24 15:45:29,2025-05-25 21:40:07
2025-05-23 14:16:23,CT1,0 days 20:51:27,0,2025-05-23 14:16:23,2025-05-24 11:07:50
2025-05-23 17:19:03,MP4,0 days 21:44:28,0,2025-05-23 17:19:03,2025-05-24 15:03:31
2025-05-24 17:40:06,MP3,1 days 07:00:11,1,2025-05-24 17:40:06,2025-05-26 00:40:17
2025-05-25 08:57:37,MP1,1 days 00:41:18,1,2025-05-25 08:57:37,2025-05-26 09:38:55
2025-05-25 12:57:13,MP2,1 days 02:45:15,1,2025-05-25 12:57:13,2025-05-26 15:42:28
2025-05-25 22:16:55,CT1,1 days 02:20:42,0,2025-05-25 22:16:55,2025-05-27 00:37:37
2025-05-26 12:56:42,MP4,0 days 21:41:22,0,2025-05-26 12:56:42,2025-05-27 10:38:04
2025-05-27 04:31:53,CT2,1 days 01:26:08,0,2025-05-27 04:31:53,2025-05-28 05:58:01
2025-05-27 04:45:10,MP3,1 days 08:04:06,1,2025-05-27 04:45:10,2025-05-28 12:49:16
2025-05-27 05:46:30,MP1,0 days 19:52:48,0,2025-05-27 05:46:30,2025-05-28 01:39:18
2025-05-27 09:46:50,MP2,1 days 02:56:21,0,2025-05-27 09:46:50,2025-05-28 12:43:11
2025-05-27 16:42:58,CT1,0 days 19:11:24,0,2025-05-27 16:42:58,2025-05-28 11:54:22
2025-05-28 18:49:08,MP4,0 days 19:42:41,0,2025-05-28 18:49:08,2025-05-29 14:31:49
2025-05-28 20:56:27,MP1,1 days 06:51:22,0,2025-05-28 20:56:27,2025-05-30 03:47:49
2025-05-28 21:55:10,CT2,0 days 17:17:37,0,2025-05-28 21:55:10,2025-05-29 15:12:47
2025-05-29 10:37:31,CT1,1 days 04:42:34,1,2025-05-29 10:37:31,2025-05-30 15:20:05
2025-05-29 18:53:41,MP2,0 days 18:01:31,0,2025-05-29 18:53:41,2025-05-30 12:55:12
2025-05-30 05:24:31,MP3,0 days 17:57:30,0,2025-05-30 05:24:31,2025-05-30 23:22:01
2025-05-30 07:58:23,MP4,0 days 23:36:18,0,2025-05-30 07:58:23,2025-05-31 07:34:41
2025-05-30 11:46:26,CT2,0 days 19:20:54,0,2025-05-30 11:46:26,2025-05-31 07:07:20
2025-05-31 05:27:32,MP1,0 days 15:03:33,0,2025-05-31 05:27:32,2025-05-31 20:31:05
2025-05-31 06:44:26,MP2,0 days 23:32:31,0,2025-05-31 06:44:26,2025-06-01 06:16:57
2025-06-01 02:11:14,CT1,1 days 05:40:43,0,2025-06-01 02:11:14,2025-06-02 07:51:57
2025-06-01 08:11:35,MP3,1 days 07:04:33,0,2025-06-01 08:11:35,2025-06-02 15:16:08
2025-06-01 08:41:53,CT2,0 days 23:24:51,1,2025-06-01 08:41:53,2025-06-02 08:06:44
2025-06-02 03:39:15,MP4,1 days 02:31:36,0,2025-06-02 03:39:15,2025-06-03 06:10:51
2025-06-02 05:12:52,MP1,0 days 18:31:30,0,2025-06-02 05:12:52,2025-06-02 23:44:22
2025-06-02 16:53:45,MP2,1 days 06:33:27,0,2025-06-02 16:53:45,2025-06-03 23:27:12
2025-06-02 19:32:09,CT1,0 days 22:21:54,0,2025-06-02 19:32:09,2025-06-03 17:54:03
2025-06-02 21:54:53,CT2,0 days 20:16:55,0,2025-06-02 21:54:53,2025-06-03 18:11:48
2025-06-03 05:33:34,MP3,1 days 00:09:52,0,2025-06-03 05:33:34,2025-06-04 05:43:26
2025-06-03 16:14:12,MP1,0 days 14:24:46,0,2025-06-03 16:14:12,2025-06-04 06:38:58
2025-06-03 22:35:45,MP4,0 days 19:13:07,0,2025-06-03 22:35:45,2025-06-04 17:48:52
2025-06-04 09:22:12,CT1,0 days 23:53:23,0,2025-06-04 09:22:12,2025-06-05 09:15:35
2025-06-04 12:51:21,CT2,0 days 22:42:20,0,2025-06-04 12:51:21,2025-06-05 11:33:41
2025-06-05 10:23:48,MP2,0 days 21:30:11,0,2025-06-05 10:23:48,2025-06-06 07:53:59
2025-06-05 12:13:16,MP3,1 days 01:31:39,0,2025-06-05 12:13:16,2025-06-06 13:44:55
2025-06-06 01:44:31,MP1,0 days 19:00:16,0,2025-06-06 01:44:31,2025-06-06 20:44:47
2025-06-06 03:53:54,MP4,1 days 05:33:09,1,2025-06-06 03:53:54,2025-06-07 09:27:03
2025-06-06 07:07:58,CT1,1 days 00:00:57,0,2025-06-06 07:07:58,2025-06-07 07:08:55
2025-06-06 17:35:10,CT2,0 days 11:23:59,0,2025-06-06 17:35:10,2025-06-07 04:59:09
2025-06-06 19:37:30,MP2,1 days 02:29:16,0,2025-06-06 19:37:30,2025-06-07 22:06:46
2025-06-06 21:58:54,MP3,0 days 20:42:02,0,2025-06-06 21:58:54,2025-06-07 18:40:56
2025-06-07 02:32:52,MP1,0 days 16:31:35,0,2025-06-07 02:32:52,2025-06-07 19:04:27
2025-06-07 04:29:37,CT2,0 days 21:13:43,0,2025-06-08 02:12:52,2025-06-08 23:26:35
2025-06-07 06:58:07,CT1,1 days 03:37:55,0,2025-06-08 10:46:50,2025-06-09 14:24:45
2025-06-07 12:18:54,MP4,0 days 23:34:05,0,2025-06-07 12:18:54,2025-06-08 11:52:59
2025-06-07 16:00:19,MP3,0 days 20:11:37,0,2025-06-08 14:52:33,2025-06-09 11:04:10
2025-06-07 17:37:51,MP1,0 days 19:48:55,0,2025-06-08 14:53:22,2025-06-09 10:42:17
2025-06-07 21:59:40,MP2,1 days 03:07:52,0,2025-06-09 01:14:38,2025-06-10 04:22:30
2025-06-07 23:37:20,CT2,0 days 20:28:47,0,2025-06-08 22:41:39,2025-06-09 19:10:26
2025-06-08 00:49:35,CT1,0 days 19:22:21,0,2025-06-09 06:09:11,2025-06-10 01:31:32
2025-06-08 09:56:04,MP4,1 days 01:19:14,0,2025-06-09 13:12:13,2025-06-10 14:31:27
2025-06-08 18:23:03,MP3,0 days 14:24:19,0,2025-06-08 18:23:03,2025-06-09 08:47:22
2025-06-08 20:23:27,MP1,0 days 23:56:39,0,2025-06-08 20:23:27,2025-06-09 20:20:06
2025-06-09 06:35:59,CT2,1 days 05:50:32,0,2025-06-09 06:35:59,2025-06-10 12:26:31
2025-06-09 14:39:25,MP2,0 days 18:57:52,0,2025-06-09 14:39:25,2025-06-10 09:37:17
2025-06-09 14:55:53,CT1,1 days 01:36:05,1,2025-06-09 14:55:53,2025-06-10 16:31:58
2025-06-09 18:28:07,MP3,1 days 00:37:48,0,2025-06-09 18:28:07,2025-06-10 19:05:55
2025-06-10 19:11:53,MP4,0 days 14:48:05,0,2025-06-10 19:11:53,2025-06-11 09:59:58
2025-06-11 10:08:19,MP1,0 days 22:16:55,0,2025-06-11 10:08:19,2025-06-12 08:25:14
2025-06-12 15:36:32,MP2,0 days 23:41:29,0,2025-06-12 15:36:32,2025-06-13 15:18:01
2025-06-13 07:24:13,CT2,1 days 04:05:06,0,2025-06-13 07:24:13,2025-06-14 11:29:19
2025-06-13 07:40:57,CT1,1 days 01:42:55,0,2025-06-13 07:40:57,2025-06-14 09:23:52
2025-06-13 11:06:09,MP3,1 days 02:05:03,0,2025-06-13 11:06:09,2025-06-14 13:11:12
2025-06-13 12:31:28,MP4,0 days 22:38:51,0,2025-06-13 12:31:28,2025-06-14 11:10:19
2025-06-13 13:08:10,MP1,0 days 23:15:10,0,2025-06-13 13:08:10,2025-06-14 12:23:20
2025-06-14 04:52:31,MP2,0 days 22:05:51,0,2025-06-14 04:52:31,2025-06-15 02:58:22
2025-06-14 16:42:28,CT1,1 days 00:17:44,0,2025-06-14 16:42:28,2025-06-15 17:00:12
2025-06-14 23:45:04,MP4,0 days 21:07:06,0,2025-06-14 23:45:04,2025-06-15 20:52:10
2025-06-15 04:06:13,CT2,1 days 07:41:08,0,2025-06-15 04:06:13,2025-06-16 11:47:21
2025-06-16 07:55:53,MP1,1 days 01:20:21,0,2025-06-16 07:55:53,2025-06-17 09:16:14
2025-06-16 21:16:29,MP3,1 days 00:16:02,0,2025-06-16 21:16:29,2025-06-17 21:32:31
2025-06-17 04:56:17,MP2,1 days 02:40:41,0,2025-06-17 04:56:17,2025-06-18 07:36:58
2025-06-17 19:31:12,CT1,1 days 02:32:20,0,2025-06-17 19:31:12,2025-06-18 22:03:32
2025-06-18 02:27:31,MP4,0 days 20:50:49,0,2025-06-18 02:27:31,2025-06-18 23:18:20
2025-06-18 09:19:46,CT2,0 days 18:35:21,0,2025-06-18 09:19:46,2025-06-19 03:55:07
2025-06-18 12:18:09,MP1,1 days 06:15:50,0,2025-06-18 12:18:09,2025-06-19 18:33:59
2025-06-19 14:01:16,MP3,1 days 00:27:59,0,2025-06-19 14:01:16,2025-06-20 14:29:15
2025-06-20 07:38:18,MP2,1 days 05:41:49,0,2025-06-20 07:38:18,2025-06-21 13:20:07
2025-06-20 08:46:02,CT1,0 days 23:54:40,1,2025-06-20 08:46:02,2025-06-21 08:40:42
2025-06-20 08:51:11,MP4,1 days 00:19:45,0,2025-06-20 08:51:11,2025-06-21 09:10:56
2025-06-20 13:24:47,CT2,1 days 02:33:45,0,2025-06-20 13:24:47,2025-06-21 15:58:32
2025-06-20 14:07:07,MP1,0 days 18:42:25,0,2025-06-20 14:07:07,2025-06-21 08:49:32
2025-06-20 17:11:20,MP3,1 days 06:30:27,0,2025-06-20 17:11:20,2025-06-21 23:41:47
2025-06-20 21:50:05,CT1,0 days 18:24:27,0,2025-06-22 03:05:09,2025-06-22 21:29:36
2025-06-20 23:45:56,MP1,0 days 18:14:59,0,2025-06-22 03:04:31,2025-06-22 21:19:30
2025-06-21 06:43:50,MP4,1 days 01:27:30,0,2025-06-22 10:38:26,2025-06-23 12:05:56
2025-06-21 10:25:06,MP2,0 days 13:33:59,0,2025-06-22 02:54:06,2025-06-22 16:28:05
2025-06-22 06:37:37,CT2,0 days 19:26:42,0,2025-06-22 06:37:37,2025-06-23 02:04:19
2025-06-22 10:34:17,MP3,1 days 00:19:52,0,2025-06-22 10:34:17,2025-06-23 10:54:09
2025-06-22 14:47:31,MP2,0 days 19:36:58,0,2025-06-22 14:47:31,2025-06-23 10:24:29
2025-06-22 17:09:26,MP1,0 days 20:57:07,0,2025-06-22 17:09:26,2025-06-23 14:06:33
2025-06-22 23:10:57,CT1,1 days 00:09:17,0,2025-06-22 23:10:57,2025-06-23 23:20:14
2025-06-23 10:46:34,MP4,0 days 22:11:56,0,2025-06-23 10:46:34,2025-06-24 08:58:30
2025-06-23 11:14:40,CT2,0 days 21:57:33,0,2025-06-23 11:14:40,2025-06-24 09:12:13
2025-06-23 15:06:46,MP2,0 days 22:35:56,0,2025-06-23 15:06:46,2025-06-24 13:42:42
2025-06-24 13:22:53,MP3,0 days 21:21:33,0,2025-06-24 13:22:53,2025-06-25 10:44:26
2025-06-24 21:42:05,MP1,1 days 07:02:24,0,2025-06-24 21:42:05,2025-06-26 04:44:29
2025-06-25 02:48:14,CT1,0 days 21:52:14,0,2025-06-25 02:48:14,2025-06-26 00:40:28
2025-06-25 10:31:55,MP4,0 days 20:40:51,0,2025-06-25 10:31:55,2025-06-26 07:12:46
2025-06-25 16:13:10,CT2,1 days 00:02:42,0,2025-06-25 16:13:10,2025-06-26 16:15:52
2025-06-25 21:45:07,MP2,0 days 21:57:10,0,2025-06-25 21:45:07,2025-06-26 19:42:17
2025-06-26 02:40:26,MP3,1 days 00:26:50,0,2025-06-26 02:40:26,2025-06-27 03:07:16
2025-06-26 19:02:38,CT1,1 days 07:53:48,0,2025-06-26 19:02:38,2025-06-28 02:56:26
2025-06-26 22:29:14,MP1,0 days 22:36:23,0,2025-06-26 22:29:14,2025-06-27 21:05:37
2025-06-27 08:45:36,MP4,1 days 03:04:24,0,2025-06-27 08:45:36,2025-06-28 11:50:00
2025-06-27 13:59:07,CT2,1 days 03:58:52,0,2025-06-27 13:59:07,2025-06-28 17:57:59
2025-06-27 20:33:18,MP2,1 days 05:50:31,0,2025-06-27 20:33:18,2025-06-29 02:23:49
2025-06-28 02:20:11,MP3,0 days 18:09:26,0,2025-06-28 02:20:11,2025-06-28 20:29:37
2025-06-28 03:22:21,MP1,0 days 22:08:57,0,2025-06-28 03:22:21,2025-06-29 01:31:18
2025-06-28 09:14:19,CT1,1 days 03:12:02,0,2025-06-28 09:14:19,2025-06-29 12:26:21
2025-06-29 10:31:40,MP4,0 days 21:01:11,0,2025-06-29 10:31:40,2025-06-30 07:32:51
2025-06-30 00:19:25,CT2,0 days 20:48:23,1,2025-06-30 00:19:25,2025-06-30 21:07:48
2025-06-30 01:06:48,MP3,0 days 16:22:11,0,2025-06-30 01:06:48,2025-06-30 17:28:59
2025-07-01 07:32:07,MP1,0 days 21:12:40,1,2025-07-01 07:32:07,2025-07-02 04:44:47
2025-07-01 13:47:29,MP2,1 days 08:12:14,0,2025-07-01 13:47:29,2025-07-02 21:59:43
2025-07-02 09:30:35,CT1,1 days 00:26:54,0,2025-07-02 09:30:35,2025-07-03 09:57:29
2025-07-02 17:55:42,MP4,0 days 23:05:32,0,2025-07-02 17:55:42,2025-07-03 17:01:14
2025-07-02 19:35:39,MP3,0 days 23:59:20,0,2025-07-02 19:35:39,2025-07-03 19:34:59
2025-07-02 20:05:50,CT2,1 days 01:55:46,1,2025-07-02 20:05:50,2025-07-03 22:01:36
2025-07-02 23:12:51,MP1,0 days 17:41:25,0,2025-07-02 23:12:51,2025-07-03 16:54:16
2025-07-03 00:53:03,MP2,0 days 16:48:42,0,2025-07-03 00:53:03,2025-07-03 17:41:45
2025-07-03 02:18:40,CT1,1 days 06:53:16,1,2025-07-04 16:50:45,2025-07-05 23:44:01
2025-07-03 14:55:51,MP1,1 days 05:40:32,1,2025-07-04 22:34:48,2025-07-06 04:15:20
2025-07-04 00:06:00,MP4,1 days 11:41:28,0,2025-07-04 00:06:00,2025-07-05 11:47:28
2025-07-04 00:15:59,MP2,1 days 06:02:38,1,2025-07-04 00:15:59,2025-07-05 06:18:37
2025-07-04 21:01:44,MP3,0 days 16:30:41,0,2025-07-04 21:01:44,2025-07-05 13:32:25
2025-07-04 23:59:01,CT2,0 days 23:06:49,0,2025-07-04 23:59:01,2025-07-05 23:05:50
2025-07-05 00:22:10,CT1,1 days 04:47:15,0,2025-07-05 00:22:10,2025-07-06 05:09:25
2025-07-05 01:29:23,MP1,0 days 20:48:52,0,2025-07-05 01:29:23,2025-07-05 22:18:15
2025-07-05 13:36:13,MP2,0 days 22:35:13,0,2025-07-05 13:36:13,2025-07-06 12:11:26
2025-07-05 14:59:33,MP4,1 days 01:54:33,0,2025-07-05 14:59:33,2025-07-06 16:54:06
2025-07-06 11:49:31,MP3,1 days 04:26:49,0,2025-07-06 11:49:31,2025-07-07 16:16:20
2025-07-06 16:37:47,MP1,0 days 20:56:41,0,2025-07-06 16:37:47,2025-07-07 13:34:28
2025-07-07 04:09:10,CT2,0 days 14:56:35,1,2025-07-07 04:09:10,2025-07-07 19:05:45
2025-07-07 18:33:26,CT1,0 days 13:30:54,0,2025-07-07 18:33:26,2025-07-08 08:04:20
2025-07-07 19:09:12,MP2,1 days 05:33:45,0,2025-07-07 19:09:12,2025-07-09 00:42:57
2025-07-07 21:27:20,MP4,0 days 22:24:20,0,2025-07-07 21:27:20,2025-07-08 19:51:40
2025-07-08 03:06:51,MP1,1 days 03:42:06,0,2025-07-08 03:06:51,2025-07-09 06:48:57
2025-07-08 08:24:11,MP3,1 days 00:27:46,0,2025-07-08 08:24:11,2025-07-09 08:51:57
2025-07-08 16:27:06,CT2,1 days 00:16:01,0,2025-07-08 16:27:06,2025-07-09 16:43:07
2025-07-08 16:39:12,CT1,1 days 01:38:57,0,2025-07-08 16:39:12,2025-07-09 18:18:09
2025-07-08 18:57:43,MP4,1 days 06:02:46,0,2025-07-10 01:54:26,2025-07-11 07:57:12
2025-07-08 21:52:30,MP2,0 days 23:22:24,0,2025-07-10 00:05:21,2025-07-10 23:27:45
2025-07-09 01:05:28,MP1,1 days 00:55:39,0,2025-07-10 07:44:36,2025-07-11 08:40:15
2025-07-09 04:35:13,MP3,0 days 22:10:28,0,2025-07-10 07:02:25,2025-07-11 05:12:53
2025-07-09 07:45:11,CT2,1 days 03:01:44,0,2025-07-10 19:44:51,2025-07-11 22:46:35
2025-07-09 15:03:26,CT1,1 days 03:14:20,0,2025-07-10 21:32:29,2025-07-12 00:46:49
2025-07-09 20:32:19,MP2,0 days 18:55:35,0,2025-07-10 19:00:56,2025-07-11 13:56:31
2025-07-10 02:09:28,MP4,0 days 19:31:46,0,2025-07-10 02:09:28,2025-07-10 21:41:14
2025-07-10 11:08:36,MP3,0 days 19:03:00,0,2025-07-10 11:08:36,2025-07-11 06:11:36
2025-07-10 11:17:22,MP1,1 days 04:18:07,0,2025-07-10 11:17:22,2025-07-11 15:35:29
2025-07-10 19:48:19,MP2,0 days 16:12:00,0,2025-07-10 19:48:19,2025-07-11 12:00:19
2025-07-10 21:42:00,CT2,0 days 23:08:31,0,2025-07-10 21:42:00,2025-07-11 20:50:31
2025-07-10 22:20:23,CT1,0 days 19:10:30,0,2025-07-10 22:20:23,2025-07-11 17:30:53
2025-07-11 01:10:00,MP4,1 days 02:45:23,0,2025-07-11 01:10:00,2025-07-12 03:55:23
2025-07-11 03:49:52,MP3,0 days 20:25:33,0,2025-07-12 02:37:09,2025-07-12 23:02:42
2025-07-11 22:30:42,MP2,0 days 20:04:29,0,2025-07-11 22:30:42,2025-07-12 18:35:11
2025-07-12 04:43:40,MP1,0 days 22:04:11,0,2025-07-12 04:43:40,2025-07-13 02:47:51
2025-07-12 06:47:15,CT1,1 days 03:48:59,0,2025-07-12 06:47:15,2025-07-13 10:36:14
2025-07-12 07:43:28,CT2,1 days 08:50:21,0,2025-07-12 07:43:28,2025-07-13 16:33:49
2025-07-12 11:53:37,MP3,0 days 23:02:46,0,2025-07-12 11:53:37,2025-07-13 10:56:23
2025-07-12 14:55:54,MP4,1 days 02:44:01,0,2025-07-12 14:55:54,2025-07-13 17:39:55
2025-07-12 23:10:07,MP2,0 days 20:56:07,0,2025-07-12 23:10:07,2025-07-13 20:06:14
2025-07-13 14:32:56,MP1,0 days 21:59:18,0,2025-07-13 14:32:56,2025-07-14 12:32:14
2025-07-13 15:13:27,CT1,1 days 01:12:01,0,2025-07-13 15:13:27,2025-07-14 16:25:28
2025-07-14 17:36:59,MP3,1 days 03:28:10,0,2025-07-14 17:36:59,2025-07-15 21:05:09
2025-07-14 18:02:55,CT2,1 days 01:15:14,0,2025-07-14 18:02:55,2025-07-15 19:18:09
2025-07-15 02:40:01,MP4,1 days 07:09:28,0,2025-07-15 02:40:01,2025-07-16 09:49:29
2025-07-15 04:32:27,MP2,0 days 23:50:05,0,2025-07-15 04:32:27,2025-07-16 04:22:32
2025-07-15 12:23:51,MP1,0 days 15:43:10,0,2025-07-15 12:23:51,2025-07-16 04:07:01
2025-07-15 18:57:56,CT1,0 days 18:40:40,1,2025-07-15 18:57:56,2025-07-16 13:38:36
2025-07-15 23:40:17,CT2,0 days 18:43:51,0,2025-07-15 23:40:17,2025-07-16 18:24:08
2025-07-16 05:38:30,MP3,1 days 00:27:27,0,2025-07-16 05:38:30,2025-07-17 06:05:57
2025-07-16 06:45:45,MP1,1 days 03:21:49,0,2025-07-16 06:45:45,2025-07-17 10:07:34
2025-07-16 07:35:48,MP2,1 days 02:57:49,0,2025-07-16 07:35:48,2025-07-17 10:33:37
2025-07-16 15:23:55,MP4,1 days 03:00:11,1,2025-07-16 15:23:55,2025-07-17 18:24:06
2025-07-16 17:36:13,CT1,0 days 20:41:52,0,2025-07-16 17:36:13,2025-07-17 14:18:05
2025-07-16 17:38:50,CT2,0 days 22:56:16,0,2025-07-17 17:20:24,2025-07-18 16:16:40
2025-07-16 21:06:46,MP3,0 days 20:03:11,0,2025-07-18 02:09:08,2025-07-18 22:12:19
2025-07-18 14:44:39,MP1,0 days 17:22:49,0,2025-07-18 14:44:39,2025-07-19 08:07:28
2025-07-19 06:14:29,MP2,0 days 11:49:29,0,2025-07-19 06:14:29,2025-07-19 18:03:58
2025-07-19 14:27:43,CT1,1 days 04:12:32,0,2025-07-19 14:27:43,2025-07-20 18:40:15
2025-07-19 19:15:59,CT2,0 days 22:26:21,0,2025-07-19 19:15:59,2025-07-20 17:42:20
2025-07-20 02:37:51,MP4,1 days 04:12:40,0,2025-07-20 02:37:51,2025-07-21 06:50:31
2025-07-20 09:11:39,MP3,1 days 00:45:51,0,2025-07-20 09:11:39,2025-07-21 09:57:30
2025-07-20 21:35:30,MP1,1 days 04:29:17,0,2025-07-20 21:35:30,2025-07-22 02:04:47
2025-07-21 11:14:37,MP2,1 days 00:58:53,0,2025-07-21 11:14:37,2025-07-22 12:13:30
2025-07-22 11:10:28,CT2,0 days 21:06:01,0,2025-07-22 11:10:28,2025-07-23 08:16:29
2025-07-22 18:35:54,CT1,1 days 01:50:52,0,2025-07-22 18:35:54,2025-07-23 20:26:46
2025-07-22 22:10:02,MP4,1 days 09:36:00,0,2025-07-22 22:10:02,2025-07-24 07:46:02
2025-07-24 01:35:23,MP3,1 days 00:16:23,0,2025-07-24 01:35:23,2025-07-25 01:51:46
2025-07-24 16:28:15,MP1,0 days 21:44:57,0,2025-07-24 16:28:15,2025-07-25 14:13:12
2025-07-25 00:16:02,MP2,0 days 16:51:33,1,2025-07-25 00:16:02,2025-07-25 17:07:35
2025-07-25 05:42:52,CT2,1 days 04:05:05,0,2025-07-25 05:42:52,2025-07-26 09:47:57
2025-07-25 05:57:28,CT1,1 days 01:11:46,0,2025-07-25 05:57:28,2025-07-26 07:09:14
2025-07-25 08:09:51,MP4,0 days 17:08:58,0,2025-07-25 08:09:51,2025-07-26 01:18:49
2025-07-25 15:13:15,MP3,1 days 01:12:36,0,2025-07-25 15:13:15,2025-07-26 16:25:51
2025-07-25 15:14:33,MP1,1 days 04:16:40,0,2025-07-25 15:14:33,2025-07-26 19:31:13
2025-07-26 14:09:43,MP2,1 days 02:21:31,1,2025-07-26 14:09:43,2025-07-27 16:31:14
2025-07-27 10:35:02,MP4,1 days 06:39:09,1,2025-07-27 10:35:02,2025-07-28 17:14:11
2025-07-27 22:48:06,CT1,1 days 01:19:13,0,2025-07-27 22:48:06,2025-07-29 00:07:19
2025-07-28 00:55:25,CT2,0 days 23:31:07,0,2025-07-28 00:55:25,2025-07-29 00:26:32
2025-07-28 02:50:00,MP3,1 days 01:25:03,0,2025-07-28 02:50:00,2025-07-29 04:15:03
2025-07-28 04:43:55,MP1,0 days 22:32:41,0,2025-07-28 04:43:55,2025-07-29 03:16:36
2025-07-28 07:15:21,MP2,1 days 02:26:20,0,2025-07-28 07:15:21,2025-07-29 09:41:41
2025-07-28 21:58:02,MP4,1 days 03:05:27,0,2025-07-28 21:58:02,2025-07-30 01:03:29
2025-07-29 03:24:58,CT1,1 days 05:30:41,0,2025-07-29 03:24:58,2025-07-30 08:55:39
2025-07-29 17:57:47,CT2,0 days 19:51:47,0,2025-07-29 17:57:47,2025-07-30 13:49:34
2025-07-29 22:15:03,MP1,1 days 03:51:15,0,2025-07-29 22:15:03,2025-07-31 02:06:18
2025-07-30 06:38:17,MP3,0 days 21:52:08,0,2025-07-30 06:38:17,2025-07-31 04:30:25
2025-07-30 09:59:28,MP2,0 days 22:15:22,0,2025-07-30 09:59:28,2025-07-31 08:14:50
2025-07-30 16:41:25,MP4,0 days 18:11:50,0,2025-07-30 16:41:25,2025-07-31 10:53:15
2025-07-30 20:41:27,CT1,0 days 20:10:19,0,2025-07-30 20:41:27,2025-07-31 16:51:46
2025-07-31 05:46:33,CT2,0 days 16:33:36,1,2025-07-31 05:46:33,2025-07-31 22:20:09
2025-07-31 07:29:33,MP1,0 days 22:53:28,0,2025-07-31 07:29:33,2025-08-01 06:23:01
2025-07-31 23:30:23,MP3,1 days 01:08:01,0,2025-07-31 23:30:23,2025-08-02 00:38:24
2025-08-01 10:54:06,MP2,0 days 19:02:10,0,2025-08-01 10:54:06,2025-08-02 05:56:16
2025-08-01 12:02:24,MP4,0 days 21:19:36,0,2025-08-01 12:02:24,2025-08-02 09:22:00
2025-08-02 02:25:23,CT1,0 days 18:42:42,1,2025-08-02 02:25:23,2025-08-02 21:08:05
2025-08-02 03:41:14,CT2,0 days 20:16:50,1,2025-08-02 03:41:14,2025-08-02 23:58:04
2025-08-02 05:47:32,MP1,0 days 21:53:24,0,2025-08-02 05:47:32,2025-08-03 03:40:56
2025-08-02 06:48:20,MP3,1 days 00:31:27,0,2025-08-02 06:48:20,2025-08-03 07:19:47
2025-08-02 07:22:31,MP2,1 days 02:34:10,1,2025-08-02 07:22:31,2025-08-03 09:56:41
2025-08-02 09:35:58,MP4,1 days 00:19:20,0,2025-08-02 09:35:58,2025-08-03 09:55:18
2025-08-02 13:25:48,CT1,0 days 20:53:18,0,2025-08-03 18:01:23,2025-08-04 14:54:41
2025-08-02 15:36:29,CT2,0 days 20:05:02,0,2025-08-03 20:03:06,2025-08-04 16:08:08
2025-08-02 17:44:04,MP1,0 days 15:29:07,0,2025-08-03 19:10:03,2025-08-04 10:39:10
2025-08-02 22:07:27,MP3,1 days 00:19:44,0,2025-08-04 07:39:31,2025-08-05 07:59:15
2025-08-03 16:08:39,MP4,1 days 04:22:08,0,2025-08-03 16:08:39,2025-08-04 20:30:47
2025-08-04 06:29:39,MP2,1 days 00:23:05,0,2025-08-04 06:29:39,2025-08-05 06:52:44
2025-08-04 10:57:08,CT1,0 days 20:31:33,0,2025-08-04 10:57:08,2025-08-05 07:28:41
2025-08-04 11:29:27,MP1,0 days 18:56:05,0,2025-08-04 11:29:27,2025-08-05 06:25:32
2025-08-04 14:49:45,CT2,0 days 22:05:56,1,2025-08-04 14:49:45,2025-08-05 12:55:41
2025-08-04 14:50:38,MP3,1 days 01:27:31,0,2025-08-04 14:50:38,2025-08-05 16:18:09
2025-08-04 15:03:10,MP4,0 days 20:06:56,1,2025-08-05 16:37:43,2025-08-06 12:44:39
2025-08-04 15:51:24,MP1,1 days 00:41:24,0,2025-08-06 07:06:56,2025-08-07 07:48:20
2025-08-05 08:46:11,MP2,0 days 16:49:54,0,2025-08-05 08:46:11,2025-08-06 01:36:05
2025-08-05 09:39:05,CT1,1 days 00:29:24,0,2025-08-05 09:39:05,2025-08-06 10:08:29
2025-08-05 11:30:04,CT2,0 days 19:27:10,0,2025-08-06 08:22:51,2025-08-07 03:50:01
2025-08-05 12:34:48,MP3,0 days 19:46:02,0,2025-08-06 12:04:11,2025-08-07 07:50:13
2025-08-05 14:59:32,MP4,0 days 23:35:52,0,2025-08-06 16:13:35,2025-08-07 15:49:27
2025-08-05 16:55:54,MP2,0 days 14:02:24,0,2025-08-06 15:38:29,2025-08-07 05:40:53
2025-08-05 18:45:56,MP1,0 days 22:06:33,0,2025-08-07 05:13:29,2025-08-08 03:20:02
2025-08-05 20:15:01,CT2,0 days 21:45:26,0,2025-08-07 06:08:17,2025-08-08 03:53:43
2025-08-05 22:00:33,CT1,0 days 17:21:39,0,2025-08-07 03:30:08,2025-08-07 20:51:47
2025-08-06 00:44:51,MP3,0 days 21:13:34,0,2025-08-07 09:17:45,2025-08-08 06:31:19
2025-08-06 17:52:22,MP2,1 days 01:02:44,0,2025-08-06 17:52:22,2025-08-07 18:55:06
2025-08-06 18:39:24,MP4,1 days 09:08:29,0,2025-08-06 18:39:24,2025-08-08 03:47:53
2025-08-06 18:42:11,CT1,0 days 20:34:19,0,2025-08-08 00:04:27,2025-08-08 20:38:46
2025-08-06 19:23:37,MP1,1 days 02:48:08,0,2025-08-08 08:01:37,2025-08-09 10:49:45
2025-08-07 01:58:57,CT2,1 days 02:12:51,0,2025-08-08 08:21:08,2025-08-09 10:33:59
2025-08-07 17:41:12,MP3,0 days 23:06:05,0,2025-08-07 17:41:12,2025-08-08 16:47:17
2025-08-08 04:56:00,MP2,0 days 19:09:46,0,2025-08-08 04:56:00,2025-08-09 00:05:46
2025-08-08 08:49:41,CT1,1 days 03:55:02,0,2025-08-08 08:49:41,2025-08-09 12:44:43
2025-08-09 23:30:37,MP4,1 days 00:57:08,0,2025-08-09 23:30:37,2025-08-11 00:27:45
2025-08-10 01:24:16,MP1,0 days 20:17:26,0,2025-08-10 01:24:16,2025-08-10 21:41:42
2025-08-10 02:24:55,CT2,0 days 21:52:53,0,2025-08-10 02:24:55,2025-08-11 00:17:48
2025-08-10 03:50:35,MP3,1 days 00:22:37,0,2025-08-10 03:50:35,2025-08-11 04:13:12
2025-08-10 10:29:08,MP2,1 days 01:33:59,0,2025-08-10 10:29:08,2025-08-11 12:03:07
2025-08-10 13:11:42,CT1,0 days 21:21:51,0,2025-08-10 13:11:42,2025-08-11 10:33:33
2025-08-10 22:48:32,MP1,0 days 20:09:59,0,2025-08-10 22:48:32,2025-08-11 18:58:31
2025-08-11 14:29:33,CT2,1 days 01:33:43,0,2025-08-11 14:29:33,2025-08-12 16:03:16
2025-08-12 16:27:15,MP4,1 days 00:11:45,0,2025-08-12 16:27:15,2025-08-13 16:39:00
2025-08-12 19:57:12,MP3,0 days 21:18:43,0,2025-08-12 19:57:12,2025-08-13 17:15:55
2025-08-12 21:32:46,CT1,1 days 06:03:29,0,2025-08-12 21:32:46,2025-08-14 03:36:15
2025-08-13 00:33:59,MP2,0 days 23:13:34,0,2025-08-13 00:33:59,2025-08-13 23:47:33
2025-08-13 02:28:39,MP1,0 days 22:24:42,0,2025-08-13 02:28:39,2025-08-14 00:53:21
2025-08-13 22:10:19,CT2,1 days 00:05:33,0,2025-08-13 22:10:19,2025-08-14 22:15:52
2025-08-14 16:28:32,MP4,0 days 16:41:11,0,2025-08-14 16:28:32,2025-08-15 09:09:43
2025-08-14 19:10:20,MP3,1 days 02:46:46,0,2025-08-14 19:10:20,2025-08-15 21:57:06
2025-08-15 11:57:10,MP2,0 days 16:27:39,0,2025-08-15 11:57:10,2025-08-16 04:24:49
2025-08-16 16:10:42,MP1,1 days 02:06:18,0,2025-08-16 16:10:42,2025-08-17 18:17:00
2025-08-16 22:29:34,CT1,1 days 00:11:12,0,2025-08-16 22:29:34,2025-08-17 22:40:46
2025-08-17 09:33:02,CT2,1 days 02:45:55,0,2025-08-17 09:33:02,2025-08-18 12:18:57
2025-08-17 13:18:36,MP4,1 days 05:36:41,1,2025-08-17 13:18:36,2025-08-18 18:55:17
2025-08-17 13:22:08,MP3,1 days 00:28:15,0,2025-08-17 13:22:08,2025-08-18 13:50:23
2025-08-17 13:42:12,MP2,0 days 21:46:18,0,2025-08-17 13:42:12,2025-08-18 11:28:30
2025-08-18 01:27:28,MP1,1 days 00:25:08,0,2025-08-18 01:27:28,2025-08-19 01:52:36
2025-08-18 02:51:02,CT1,0 days 18:37:33,0,2025-08-18 02:51:02,2025-08-18 21:28:35
2025-08-18 11:16:19,MP2,0 days 17:52:34,0,2025-08-19 05:21:04,2025-08-19 23:13:38
2025-08-18 18:35:55,CT2,0 days 18:58:06,0,2025-08-18 18:35:55,2025-08-19 13:34:01
2025-08-18 22:57:59,MP3,0 days 20:20:49,0,2025-08-18 22:57:59,2025-08-19 19:18:48
2025-08-19 16:31:57,MP4,1 days 04:27:00,0,2025-08-19 16:31:57,2025-08-20 20:58:57
2025-08-19 21:36:55,CT1,1 days 05:49:08,0,2025-08-19 21:36:55,2025-08-21 03:26:03
2025-08-19 23:33:04,MP1,1 days 04:30:16,0,2025-08-19 23:33:04,2025-08-21 04:03:20
2025-08-20 10:00:51,MP2,1 days 00:45:05,0,2025-08-20 10:00:51,2025-08-21 10:45:56
2025-08-20 16:38:50,CT2,1 days 01:06:08,0,2025-08-20 16:38:50,2025-08-21 17:44:58
2025-08-20 20:40:29,MP3,0 days 23:49:48,0,2025-08-20 20:40:29,2025-08-21 20:30:17
2025-08-21 08:06:20,MP4,0 days 20:46:41,0,2025-08-21 08:06:20,2025-08-22 04:53:01
2025-08-21 10:55:38,CT1,0 days 18:09:48,0,2025-08-21 10:55:38,2025-08-22 05:05:26
2025-08-21 11:15:58,MP1,1 days 02:12:25,1,2025-08-21 11:15:58,2025-08-22 13:28:23
2025-08-21 11:33:06,MP2,0 days 16:00:21,0,2025-08-21 11:33:06,2025-08-22 03:33:27
2025-08-22 02:01:42,CT2,0 days 19:08:21,1,2025-08-22 02:01:42,2025-08-22 21:10:03
2025-08-22 04:10:31,MP3,0 days 18:09:27,0,2025-08-22 04:10:31,2025-08-22 22:19:58
2025-08-22 05:45:35,MP2,1 days 03:53:56,0,2025-08-22 05:45:35,2025-08-23 09:39:31
2025-08-22 09:10:40,MP4,0 days 23:06:48,0,2025-08-22 09:10:40,2025-08-23 08:17:28
2025-08-22 13:27:39,CT1,0 days 20:58:12,0,2025-08-22 13:27:39,2025-08-23 10:25:51
2025-08-22 19:10:25,MP1,0 days 18:12:46,0,2025-08-22 19:10:25,2025-08-23 13:23:11
2025-08-23 13:32:01,CT2,0 days 21:20:56,0,2025-08-23 13:32:01,2025-08-24 10:52:57
2025-08-24 05:35:07,MP3,0 days 21:31:53,0,2025-08-24 05:35:07,2025-08-25 03:07:00
2025-08-24 10:31:53,MP4,0 days 22:35:17,0,2025-08-24 10:31:53,2025-08-25 09:07:10
2025-08-24 19:06:50,MP2,1 days 01:27:40,0,2025-08-24 19:06:50,2025-08-25 20:34:30
2025-08-24 22:50:54,CT1,1 days 04:40:29,0,2025-08-24 22:50:54,2025-08-26 03:31:23
2025-08-25 10:29:02,MP1,1 days 00:49:57,0,2025-08-25 10:29:02,2025-08-26 11:18:59
2025-08-25 13:35:43,CT2,0 days 20:59:19,0,2025-08-25 13:35:43,2025-08-26 10:35:02
2025-08-26 04:46:11,MP3,1 days 03:24:02,0,2025-08-26 04:46:11,2025-08-27 08:10:13
2025-08-26 07:46:26,MP4,0 days 22:25:33,0,2025-08-26 07:46:26,2025-08-27 06:11:59
2025-08-26 17:02:55,MP2,1 days 06:12:10,0,2025-08-26 17:02:55,2025-08-27 23:15:05
2025-08-26 18:50:50,CT1,0 days 20:59:38,0,2025-08-26 18:50:50,2025-08-27 15:50:28
2025-08-27 07:56:32,CT2,1 days 07:09:11,0,2025-08-27 07:56:32,2025-08-28 15:05:43
2025-08-27 08:06:24,MP1,0 days 18:06:14,0,2025-08-27 08:06:24,2025-08-28 02:12:38
2025-08-27 10:57:18,MP4,0 days 21:02:10,1,2025-08-27 10:57:18,2025-08-28 07:59:28
2025-08-27 11:09:43,MP3,1 days 11:48:21,0,2025-08-27 11:09:43,2025-08-28 22:58:04
2025-08-28 01:15:02,CT1,1 days 01:06:47,1,2025-08-28 01:15:02,2025-08-29 02:21:49
2025-08-28 04:57:01,MP2,1 days 07:02:36,1,2025-08-28 04:57:01,2025-08-29 11:59:37
2025-08-28 08:17:57,MP1,0 days 22:47:32,0,2025-08-28 08:17:57,2025-08-29 07:05:29
2025-08-28 13:44:09,MP4,0 days 18:28:38,0,2025-08-28 13:44:09,2025-08-29 08:12:47
2025-08-28 17:02:50,CT2,1 days 04:28:56,0,2025-08-28 17:02:50,2025-08-29 21:31:46
2025-08-28 18:01:36,MP3,1 days 01:05:17,0,2025-08-30 00:03:21,2025-08-31 01:08:38
2025-08-28 19:47:32,CT1,0 days 12:39:54,0,2025-08-29 15:01:43,2025-08-30 03:41:37
2025-08-28 20:09:18,MP1,1 days 05:09:09,0,2025-08-30 12:14:38,2025-08-31 17:23:47
2025-08-28 23:43:08,MP4,0 days 21:09:13,0,2025-08-30 05:22:00,2025-08-31 02:31:13
2025-08-29 00:15:26,MP2,1 days 01:44:02,0,2025-08-30 13:43:39,2025-08-31 15:27:41
2025-08-29 06:31:03,CT1,0 days 15:24:53,0,2025-08-30 06:26:36,2025-08-30 21:51:29
2025-08-29 10:31:10,CT2,1 days 03:25:38,0,2025-08-31 00:57:24,2025-09-01 04:23:02
2025-08-29 15:34:53,MP3,0 days 18:14:50,0,2025-08-30 18:18:11,2025-08-31 12:33:01
2025-08-29 19:44:00,MP4,1 days 05:43:12,0,2025-08-31 11:05:12,2025-09-01 16:48:24
2025-08-30 06:02:55,CT1,0 days 14:31:47,0,2025-08-30 20:58:23,2025-08-31 11:30:10
2025-08-30 19:34:49,MP1,1 days 04:39:10,0,2025-08-30 19:34:49,2025-09-01 00:13:59
2025-08-30 20:15:15,MP2,0 days 16:36:56,0,2025-08-30 20:15:15,2025-08-31 12:52:11
2025-08-30 20:27:56,MP3,1 days 03:24:11,0,2025-08-30 20:27:56,2025-08-31 23:52:07
2025-08-30 21:47:57,CT1,1 days 02:20:28,0,2025-08-30 21:47:57,2025-09-01 00:08:25
2025-08-31 03:21:41,CT2,0 days 19:06:29,0,2025-08-31 03:21:41,2025-08-31 22:28:10
2025-08-31 07:40:51,MP4,0 days 20:52:26,0,2025-09-01 07:57:38,2025-09-02 04:50:04
2025-08-31 19:39:15,MP2,0 days 22:58:43,1,2025-08-31 19:39:15,2025-09-01 18:37:58
2025-09-01 07:19:40,CT2,0 days 20:42:09,0,2025-09-01 07:19:40,2025-09-02 04:01:49
2025-09-01 10:23:34,MP3,0 days 16:48:41,0,2025-09-01 10:23:34,2025-09-02 03:12:15
2025-09-01 13:04:00,CT1,0 days 22:50:54,0,2025-09-01 13:04:00,2025-09-02 11:54:54
2025-09-01 13:31:56,MP1,0 days 23:54:31,0,2025-09-01 13:31:56,2025-09-02 13:26:27
2025-09-01 16:22:49,MP4,1 days 06:49:20,0,2025-09-01 16:22:49,2025-09-02 23:12:09
2025-09-01 18:16:27,MP2,0 days 19:39:01,1,2025-09-02 14:16:59,2025-09-03 09:56:00
2025-09-01 23:27:17,MP3,1 days 07:01:02,0,2025-09-03 10:13:17,2025-09-04 17:14:19
2025-09-02 08:50:32,CT2,0 days 23:03:19,1,2025-09-02 08:50:32,2025-09-03 07:53:51
2025-09-02 19:31:05,CT1,1 days 00:50:29,1,2025-09-02 19:31:05,2025-09-03 20:21:34
2025-09-03 02:59:42,MP1,0 days 21:36:01,0,2025-09-03 02:59:42,2025-09-04 00:35:43
2025-09-03 07:42:06,MP2,1 days 01:27:56,0,2025-09-03 07:42:06,2025-09-04 09:10:02
2025-09-03 10:34:03,MP4,0 days 19:37:51,0,2025-09-03 10:34:03,2025-09-04 06:11:54
2025-09-03 16:09:52,CT2,1 days 02:36:30,0,2025-09-03 16:09:52,2025-09-04 18:46:22
2025-09-04 10:03:38,MP3,1 days 05:20:50,0,2025-09-04 10:03:38,2025-09-05 15:24:28
2025-09-04 12:01:03,CT1,0 days 23:46:09,0,2025-09-04 12:01:03,2025-09-05 11:47:12
2025-09-04 21:32:04,MP1,0 days 23:34:18,0,2025-09-04 21:32:04,2025-09-05 21:06:22
2025-09-04 22:11:25,MP4,0 days 22:41:18,0,2025-09-04 22:11:25,2025-09-05 20:52:43
2025-09-05 06:43:07,MP2,0 days 20:43:24,0,2025-09-05 06:43:07,2025-09-06 03:26:31
2025-09-05 14:01:17,CT2,1 days 05:41:52,1,2025-09-05 14:01:17,2025-09-06 19:43:09
2025-09-06 01:57:03,CT1,0 days 17:24:40,0,2025-09-06 01:57:03,2025-09-06 19:21:43
2025-09-06 03:06:31,MP3,1 days 01:03:23,0,2025-09-06 03:06:31,2025-09-07 04:09:54
2025-09-06 04:53:35,MP4,0 days 23:06:31,0,2025-09-06 04:53:35,2025-09-07 04:00:06
2025-09-06 11:21:25,MP1,0 days 19:12:13,0,2025-09-06 11:21:25,2025-09-07 06:33:38
2025-09-07 06:05:47,MP2,0 days 23:13:51,0,2025-09-07 06:05:47,2025-09-08 05:19:38
2025-09-07 20:45:57,CT1,0 days 16:54:12,0,2025-09-07 20:45:57,2025-09-08 13:40:09
2025-09-07 22:12:04,CT2,0 days 21:48:20,0,2025-09-07 22:12:04,2025-09-08 20:00:24
2025-09-08 04:46:14,MP4,1 days 04:20:41,0,2025-09-08 04:46:14,2025-09-09 09:06:55
2025-09-09 20:58:12,MP3,1 days 00:54:04,0,2025-09-09 20:58:12,2025-09-10 21:52:16
2025-09-09 22:02:24,MP1,0 days 23:20:03,0,2025-09-09 22:02:24,2025-09-10 21:22:27
2025-09-10 03:07:01,MP2,1 days 06:33:38,0,2025-09-10 03:07:01,2025-09-11 09:40:39
2025-09-10 17:00:15,CT1,0 days 17:06:27,0,2025-09-10 17:00:15,2025-09-11 10:06:42
2025-09-10 23:53:37,CT2,0 days 17:29:03,0,2025-09-10 23:53:37,2025-09-11 17:22:40
2025-09-11 03:01:24,MP4,1 days 06:36:18,0,2025-09-11 03:01:24,2025-09-12 09:37:42
2025-09-11 08:29:30,MP1,0 days 18:27:32,0,2025-09-11 08:29:30,2025-09-12 02:57:02
2025-09-11 12:05:04,MP3,1 days 03:21:10,0,2025-09-11 12:05:04,2025-09-12 15:26:14
2025-09-11 15:28:32,MP2,0 days 18:44:54,0,2025-09-11 15:28:32,2025-09-12 10:13:26
2025-09-11 15:48:45,CT1,0 days 21:44:41,1,2025-09-11 15:48:45,2025-09-12 13:33:26
2025-09-11 19:12:18,CT2,1 days 00:55:35,0,2025-09-11 19:12:18,2025-09-12 20:07:53
2025-09-11 20:26:48,MP1,0 days 23:37:14,0,2025-09-13 02:34:16,2025-09-14 02:11:30
2025-09-12 00:20:52,MP4,0 days 18:07:30,0,2025-09-13 03:45:12,2025-09-13 21:52:42
2025-09-12 02:12:37,MP2,0 days 18:52:09,0,2025-09-13 05:05:35,2025-09-13 23:57:44
2025-09-12 03:31:32,CT1,0 days 17:51:15,0,2025-09-13 07:24:41,2025-09-14 01:15:56
2025-09-12 04:07:19,MP3,0 days 22:52:00,0,2025-09-13 14:18:14,2025-09-14 13:10:14
2025-09-12 09:12:08,CT2,0 days 16:56:33,0,2025-09-13 13:04:26,2025-09-14 06:00:59
2025-09-12 18:38:20,MP1,0 days 18:29:06,0,2025-09-13 21:03:22,2025-09-14 15:32:28
2025-09-13 04:27:35,MP4,1 days 06:38:32,1,2025-09-13 04:27:35,2025-09-14 11:06:07
2025-09-13 08:45:12,MP2,1 days 00:05:26,1,2025-09-13 08:45:12,2025-09-14 08:50:38
2025-09-13 19:51:13,CT1,0 days 16:10:46,0,2025-09-13 19:51:13,2025-09-14 12:01:59
2025-09-14 11:39:06,CT2,1 days 03:49:00,1,2025-09-14 11:39:06,2025-09-15 15:28:06
2025-09-14 16:31:48,MP3,0 days 19:49:17,0,2025-09-14 16:31:48,2025-09-15 12:21:05
2025-09-14 21:05:44,MP1,0 days 23:15:22,0,2025-09-14 21:05:44,2025-09-15 20:21:06
2025-09-15 08:41:35,MP2,0 days 18:36:26,0,2025-09-15 08:41:35,2025-09-16 03:18:01
2025-09-15 14:13:31,MP4,0 days 21:39:47,0,2025-09-15 14:13:31,2025-09-16 11:53:18
2025-09-16 05:09:05,CT1,1 days 08:25:48,0,2025-09-16 05:09:05,2025-09-17 13:34:53
2025-09-16 16:26:24,MP3,0 days 20:49:25,0,2025-09-16 16:26:24,2025-09-17 13:15:49
2025-09-16 19:43:23,CT2,0 days 23:22:46,1,2025-09-16 19:43:23,2025-09-17 19:06:09
2025-09-17 01:14:38,MP1,1 days 00:45:06,0,2025-09-17 01:14:38,2025-09-18 01:59:44
2025-09-17 09:09:35,MP2,1 days 00:27:38,0,2025-09-17 09:09:35,2025-09-18 09:37:13
2025-09-17 11:36:42,MP4,0 days 18:55:14,0,2025-09-17 11:36:42,2025-09-18 06:31:56
2025-09-17 12:48:36,MP3,1 days 02:00:40,0,2025-09-18 15:16:29,2025-09-19 17:17:09
2025-09-17 16:45:56,CT1,0 days 18:30:28,1,2025-09-17 16:45:56,2025-09-18 11:16:24
2025-09-17 21:58:48,CT2,1 days 00:47:04,0,2025-09-17 21:58:48,2025-09-18 22:45:52
2025-09-19 08:52:15,MP1,1 days 11:52:14,0,2025-09-19 08:52:15,2025-09-20 20:44:29
2025-09-19 17:57:19,MP4,1 days 00:19:19,0,2025-09-19 17:57:19,2025-09-20 18:16:38
2025-09-19 23:12:22,MP2,1 days 03:35:42,0,2025-09-19 23:12:22,2025-09-21 02:48:04
2025-09-21 20:19:24,CT1,1 days 01:28:42,0,2025-09-21 20:19:24,2025-09-22 21:48:06
2025-09-21 21:17:24,MP3,0 days 17:59:25,0,2025-09-21 21:17:24,2025-09-22 15:16:49
2025-09-22 01:49:00,CT2,0 days 16:52:21,0,2025-09-22 01:49:00,2025-09-22 18:41:21
2025-09-22 02:09:31,MP4,0 days 22:30:31,1,2025-09-22 02:09:31,2025-09-23 00:40:02
2025-09-22 09:11:55,MP1,1 days 01:35:19,0,2025-09-22 09:11:55,2025-09-23 10:47:14
2025-09-22 11:37:04,MP2,0 days 23:23:28,0,2025-09-22 11:37:04,2025-09-23 11:00:32
2025-09-23 12:33:41,MP3,1 days 00:13:05,0,2025-09-23 12:33:41,2025-09-24 12:46:46
2025-09-24 13:38:46,CT2,0 days 20:15:37,0,2025-09-24 13:38:46,2025-09-25 09:54:23
2025-09-24 22:18:07,CT1,0 days 17:11:05,0,2025-09-24 22:18:07,2025-09-25 15:29:12
2025-09-24 23:49:02,MP4,0 days 22:58:58,0,2025-09-24 23:49:02,2025-09-25 22:48:00
2025-09-24 23:52:41,MP1,0 days 19:03:37,0,2025-09-24 23:52:41,2025-09-25 18:56:18
2025-09-25 12:10:11,MP2,1 days 05:27:06,0,2025-09-25 12:10:11,2025-09-26 17:37:17
2025-09-25 12:21:14,MP3,0 days 09:55:36,0,2025-09-25 12:21:14,2025-09-25 22:16:50
2025-09-25 14:19:01,CT2,1 days 05:34:58,0,2025-09-25 14:19:01,2025-09-26 19:53:59
2025-09-25 22:18:00,CT1,1 days 04:13:50,0,2025-09-25 22:18:00,2025-09-27 02:31:50
2025-09-25 22:46:36,MP1,1 days 00:23:32,0,2025-09-25 22:46:36,2025-09-26 23:10:08
2025-09-25 23:42:12,MP3,1 days 01:15:42,0,2025-09-25 23:42:12,2025-09-27 00:57:54
2025-09-26 10:13:15,MP4,0 days 15:28:12,0,2025-09-26 10:13:15,2025-09-27 01:41:27
2025-09-26 11:47:20,MP2,0 days 19:50:00,0,2025-09-27 13:27:17,2025-09-28 09:17:17
2025-09-26 13:19:36,CT2,1 days 00:45:01,0,2025-09-27 20:39:00,2025-09-28 21:24:01
2025-09-26 14:39:29,MP1,0 days 23:54:51,0,2025-09-27 23:04:59,2025-09-28 22:59:50
2025-09-27 06:51:44,MP3,1 days 00:22:41,0,2025-09-27 06:51:44,2025-09-28 07:14:25
2025-09-27 08:00:32,MP4,0 days 23:17:09,0,2025-09-27 08:00:32,2025-09-28 07:17:41
2025-09-27 20:51:59,CT1,0 days 21:29:47,0,2025-09-27 20:51:59,2025-09-28 18:21:46
2025-09-28 00:39:38,MP2,1 days 01:20:21,0,2025-09-28 00:39:38,2025-09-29 01:59:59
2025-09-28 03:40:11,CT2,1 days 05:59:03,0,2025-09-28 03:40:11,2025-09-29 09:39:14
2025-09-29 06:35:53,MP1,0 days 22:59:43,0,2025-09-29 06:35:53,2025-09-30 05:35:36
2025-09-29 17:49:30,MP3,0 days 21:06:34,0,2025-09-29 17:49:30,2025-09-30 14:56:04
2025-09-29 19:30:27,MP4,1 days 02:21:35,1,2025-09-29 19:30:27,2025-09-30 21:52:02
2025-09-30 03:07:19,CT1,1 days 03:22:51,0,2025-09-30 03:07:19,2025-10-01 06:30:10
2025-09-30 03:37:25,MP2,0 days 22:47:37,0,2025-09-30 03:37:25,2025-10-01 02:25:02
2025-09-30 06:21:22,CT2,0 days 23:50:53,0,2025-09-30 06:21:22,2025-10-01 06:12:15
2025-09-30 15:11:05,MP1,1 days 00:29:34,0,2025-09-30 15:11:05,2025-10-01 15:40:39
2025-09-30 15:49:37,MP3,0 days 20:36:10,1,2025-09-30 15:49:37,2025-10-01 12:25:47
2025-10-01 07:18:54,MP4,0 days 18:32:17,0,2025-10-01 07:18:54,2025-10-02 01:51:11
2025-10-01 10:36:46,MP2,0 days 22:45:20,0,2025-10-01 10:36:46,2025-10-02 09:22:06
2025-10-02 06:44:47,CT2,0 days 19:51:34,0,2025-10-02 06:44:47,2025-10-03 02:36:21
2025-10-02 11:21:21,CT1,1 days 01:50:39,0,2025-10-02 11:21:21,2025-10-03 13:12:00
2025-10-02 14:50:33,MP3,0 days 17:26:52,0,2025-10-02 14:50:33,2025-10-03 08:17:25
2025-10-02 23:16:57,MP1,0 days 23:54:05,0,2025-10-02 23:16:57,2025-10-03 23:11:02
2025-10-04 09:14:42,MP4,0 days 16:54:22,0,2025-10-04 09:14:42,2025-10-05 02:09:04
2025-10-05 00:40:27,MP2,0 days 19:43:31,0,2025-10-05 00:40:27,2025-10-05 20:23:58
2025-10-05 01:54:28,CT2,0 days 22:54:55,1,2025-10-05 01:54:28,2025-10-06 00:49:23
2025-10-05 08:23:49,MP3,1 days 02:02:58,0,2025-10-05 08:23:49,2025-10-06 10:26:47
2025-10-05 16:13:02,CT1,1 days 03:52:45,1,2025-10-05 16:13:02,2025-10-06 20:05:47
2025-10-05 18:43:26,MP1,0 days 18:10:07,0,2025-10-05 18:43:26,2025-10-06 12:53:33
2025-10-05 18:50:32,MP4,0 days 19:49:56,0,2025-10-05 18:50:32,2025-10-06 14:40:28
2025-10-06 03:07:33,MP2,1 days 03:13:20,1,2025-10-06 03:07:33,2025-10-07 06:20:53
2025-10-06 21:39:25,CT2,1 days 07:13:53,0,2025-10-06 21:39:25,2025-10-08 04:53:18
2025-10-07 03:38:09,MP3,0 days 19:21:38,1,2025-10-07 03:38:09,2025-10-07 22:59:47
2025-10-07 10:30:37,MP1,0 days 19:48:47,0,2025-10-07 10:30:37,2025-10-08 06:19:24
2025-10-07 13:18:45,MP4,0 days 20:28:01,0,2025-10-07 13:18:45,2025-10-08 09:46:46
2025-10-08 03:58:22,CT1,0 days 15:24:28,0,2025-10-08 03:58:22,2025-10-08 19:22:50
2025-10-08 05:27:15,MP2,1 days 07:09:20,0,2025-10-08 05:27:15,2025-10-09 12:36:35
2025-10-08 13:25:23,MP3,0 days 18:11:04,0,2025-10-08 13:25:23,2025-10-09 07:36:27
2025-10-08 15:59:43,CT2,0 days 15:15:36,0,2025-10-08 15:59:43,2025-10-09 07:15:19
2025-10-08 20:06:22,MP1,0 days 23:46:52,0,2025-10-08 20:06:22,2025-10-09 19:53:14
2025-10-09 02:39:45,MP4,1 days 01:53:49,0,2025-10-09 02:39:45,2025-10-10 04:33:34
2025-10-09 15:35:25,CT1,0 days 21:50:32,0,2025-10-09 15:35:25,2025-10-10 13:25:57
2025-10-10 18:09:19,CT2,0 days 22:10:07,0,2025-10-10 18:09:19,2025-10-11 16:19:26
2025-10-10 18:18:20,MP3,0 days 18:15:36,0,2025-10-10 18:18:20,2025-10-11 12:33:56
2025-10-10 20:16:25,MP2,1 days 04:25:46,0,2025-10-10 20:16:25,2025-10-12 00:42:11
2025-10-10 20:41:26,MP1,0 days 23:44:41,1,2025-10-10 20:41:26,2025-10-11 20:26:07
2025-10-10 23:46:04,MP4,0 days 18:43:22,1,2025-10-10 23:46:04,2025-10-11 18:29:26
2025-10-11 02:49:13,CT1,1 days 01:13:54,0,2025-10-11 02:49:13,2025-10-12 04:03:07
2025-10-11 07:15:03,MP3,0 days 18:50:36,0,2025-10-12 07:24:32,2025-10-13 02:15:08
2025-10-11 19:34:50,CT2,1 days 00:14:36,0,2025-10-11 19:34:50,2025-10-12 19:49:26
2025-10-12 03:39:36,MP4,1 days 01:22:16,0,2025-10-12 03:39:36,2025-10-13 05:01:52
2025-10-12 13:30:16,MP1,1 days 00:46:55,0,2025-10-12 13:30:16,2025-10-13 14:17:11
2025-10-12 17:57:41,MP2,1 days 08:36:09,0,2025-10-12 17:57:41,2025-10-14 02:33:50
2025-10-13 04:46:35,CT1,0 days 21:23:48,0,2025-10-13 04:46:35,2025-10-14 02:10:23
2025-10-13 09:14:14,MP3,1 days 10:03:05,0,2025-10-13 09:14:14,2025-10-14 19:17:19
2025-10-13 20:15:42,CT2,0 days 13:46:33,0,2025-10-13 20:15:42,2025-10-14 10:02:15
2025-10-15 03:44:44,MP4,0 days 22:49:50,0,2025-10-15 03:44:44,2025-10-16 02:34:34
2025-10-15 03:49:23,MP1,1 days 00:49:05,1,2025-10-15 03:49:23,2025-10-16 04:38:28
2025-10-15 04:45:51,CT1,1 days 02:25:07,0,2025-10-15 04:45:51,2025-10-16 07:10:58
2025-10-15 11:27:41,MP2,1 days 04:55:17,0,2025-10-15 11:27:41,2025-10-16 16:22:58
2025-10-15 14:14:29,CT2,1 days 01:34:30,0,2025-10-15 14:14:29,2025-10-16 15:48:59
2025-10-15 22:12:14,MP3,0 days 18:09:49,0,2025-10-15 22:12:14,2025-10-16 16:22:03
2025-10-16 07:05:23,MP4,0 days 20:28:09,0,2025-10-16 07:05:23,2025-10-17 03:33:32
2025-10-17 06:12:38,MP1,1 days 01:28:21,0,2025-10-17 06:12:38,2025-10-18 07:40:59
2025-10-17 16:40:30,CT1,1 days 00:16:45,0,2025-10-17 16:40:30,2025-10-18 16:57:15
2025-10-17 17:48:09,CT2,0 days 22:48:02,0,2025-10-17 17:48:09,2025-10-18 16:36:11
2025-10-17 20:03:28,MP3,1 days 01:54:12,0,2025-10-17 20:03:28,2025-10-18 21:57:40
2025-10-17 22:21:25,MP2,0 days 21:22:49,1,2025-10-17 22:21:25,2025-10-18 19:44:14
2025-10-18 01:18:32,MP4,0 days 19:54:21,0,2025-10-18 01:18:32,2025-10-18 21:12:53
2025-10-19 08:51:40,MP1,0 days 18:53:02,0,2025-10-19 08:51:40,2025-10-20 03:44:42
2025-10-20 00:45:32,CT2,0 days 21:13:17,0,2025-10-20 00:45:32,2025-10-20 21:58:49
2025-10-20 17:43:08,CT1,1 days 00:48:29,0,2025-10-20 17:43:08,2025-10-21 18:31:37
2025-10-20 20:01:29,MP2,1 days 00:32:08,0,2025-10-20 20:01:29,2025-10-21 20:33:37
2025-10-21 01:15:07,MP4,0 days 18:36:57,1,2025-10-21 01:15:07,2025-10-21 19:52:04
2025-10-21 03:30:12,MP3,1 days 04:04:55,0,2025-10-21 03:30:12,2025-10-22 07:35:07
2025-10-21 12:44:26,MP1,0 days 16:48:22,0,2025-10-21 12:44:26,2025-10-22 05:32:48
2025-10-21 14:59:58,CT2,1 days 09:35:30,0,2025-10-21 14:59:58,2025-10-23 00:35:28
2025-10-21 16:36:31,CT1,1 days 09:51:01,0,2025-10-23 04:22:38,2025-10-24 14:13:39
2025-10-21 19:22:05,MP4,0 days 17:32:17,0,2025-10-22 13:24:21,2025-10-23 06:56:38
2025-10-21 22:06:04,MP2,0 days 22:18:25,0,2025-10-21 22:06:04,2025-10-22 20:24:29
2025-10-21 22:25:28,MP1,0 days 21:51:43,0,2025-10-23 03:24:31,2025-10-24 01:16:14
2025-10-22 00:57:45,MP3,1 days 04:42:29,0,2025-10-23 12:17:36,2025-10-24 17:00:05
2025-10-22 01:25:05,MP4,1 days 00:16:23,0,2025-10-23 13:40:44,2025-10-24 13:57:07
2025-10-22 01:44:07,MP2,0 days 22:11:58,0,2025-10-23 18:36:27,2025-10-24 16:48:25
2025-10-23 02:45:49,CT2,0 days 21:31:10,0,2025-10-23 02:45:49,2025-10-24 00:16:59
2025-10-24 05:24:51,MP1,0 days 23:59:01,0,2025-10-24 05:24:51,2025-10-25 05:23:52
2025-10-24 11:41:47,CT1,1 days 07:34:11,0,2025-10-24 11:41:47,2025-10-25 19:15:58
2025-10-24 14:17:24,MP3,1 days 08:32:51,0,2025-10-24 14:17:24,2025-10-25 22:50:15
2025-10-24 14:53:41,MP4,0 days 17:02:24,0,2025-10-24 14:53:41,2025-10-25 07:56:05
2025-10-24 15:13:28,MP2,1 days 01:08:40,1,2025-10-24 15:13:28,2025-10-25 16:22:08
2025-10-25 12:10:11,CT2,1 days 08:30:41,0,2025-10-25 12:10:11,2025-10-26 20:40:52
2025-10-25 17:57:00,MP1,0 days 13:17:44,0,2025-10-25 17:57:00,2025-10-26 07:14:44
2025-10-25 22:59:21,MP4,0 days 23:52:03,0,2025-10-25 22:59:21,2025-10-26 22:51:24
2025-10-26 15:53:34,MP2,1 days 09:27:33,0,2025-10-26 15:53:34,2025-10-28 01:21:07
2025-10-26 16:46:07,CT1,0 days 19:48:10,0,2025-10-26 16:46:07,2025-10-27 12:34:17
2025-10-27 01:44:50,MP3,1 days 02:08:27,0,2025-10-27 01:44:50,2025-10-28 03:53:17
2025-10-27 17:10:25,MP1,0 days 19:59:33,0,2025-10-27 17:10:25,2025-10-28 13:09:58
2025-10-28 05:03:46,CT2,0 days 10:01:21,0,2025-10-28 05:03:46,2025-10-28 15:05:07
2025-10-28 07:38:27,MP4,0 days 17:05:11,0,2025-10-28 07:38:27,2025-10-29 00:43:38
2025-10-28 19:38:31,CT1,0 days 17:38:33,0,2025-10-28 19:38:31,2025-10-29 13:17:04
2025-10-28 22:39:43,MP2,1 days 04:45:54,0,2025-10-28 22:39:43,2025-10-30 03:25:37
2025-10-29 05:06:12,MP3,0 days 18:32:22,0,2025-10-29 05:06:12,2025-10-29 23:38:34
2025-10-29 11:48:30,MP1,1 days 00:16:56,0,2025-10-29 11:48:30,2025-10-30 12:05:26
2025-10-29 12:45:06,CT2,0 days 23:48:12,0,2025-10-29 12:45:06,2025-10-30 12:33:18
2025-10-29 22:06:57,MP4,0 days 22:35:24,0,2025-10-29 22:06:57,2025-10-30 20:42:21
2025-10-30 14:03:42,CT1,0 days 22:46:34,0,2025-10-30 14:03:42,2025-10-31 12:50:16
2025-10-31 16:45:45,MP3,1 days 06:45:04,1,2025-10-31 16:45:45,2025-11-01 23:30:49
2025-10-31 18:23:54,MP2,1 days 07:54:00,0,2025-10-31 18:23:54,2025-11-02 02:17:54
2025-10-31 22:01:04,MP1,0 days 20:59:25,1,2025-10-31 22:01:04,2025-11-01 19:00:29
2025-11-01 10:27:14,CT2,0 days 23:57:51,1,2025-11-01 10:27:14,2025-11-02 10:25:05
2025-11-01 12:40:46,MP4,0 days 11:09:44,0,2025-11-01 12:40:46,2025-11-01 23:50:30
2025-11-01 23:08:56,CT1,1 days 00:03:33,0,2025-11-01 23:08:56,2025-11-02 23:12:29
2025-11-02 03:12:07,MP1,0 days 16:48:18,0,2025-11-02 03:12:07,2025-11-02 20:00:25
2025-11-02 06:29:47,MP3,0 days 19:07:26,0,2025-11-02 06:29:47,2025-11-03 01:37:13
2025-11-02 16:15:05,MP4,0 days 19:49:21,0,2025-11-02 16:15:05,2025-11-03 12:04:26
2025-11-03 02:27:56,MP2,0 days 21:03:34,0,2025-11-03 02:27:56,2025-11-03 23:31:30
2025-11-03 02:34:53,CT2,0 days 22:36:58,1,2025-11-03 02:34:53,2025-11-04 01:11:51
2025-11-03 04:07:24,MP1,1 days 00:17:22,0,2025-11-03 04:07:24,2025-11-04 04:24:46
2025-11-03 06:17:25,CT1,0 days 16:36:05,0,2025-11-03 06:17:25,2025-11-03 22:53:30
2025-11-03 06:45:42,MP3,1 days 00:00:06,0,2025-11-03 06:45:42,2025-11-04 06:45:48
2025-11-03 23:08:52,MP4,0 days 21:52:52,0,2025-11-03 23:08:52,2025-11-04 21:01:44
2025-11-03 23:17:59,CT1,1 days 02:03:32,0,2025-11-03 23:17:59,2025-11-05 01:21:31
2025-11-04 01:00:58,MP2,0 days 23:12:44,0,2025-11-04 01:00:58,2025-11-05 00:13:42
2025-11-04 06:53:00,CT2,0 days 14:17:58,0,2025-11-04 06:53:00,2025-11-04 21:10:58
2025-11-04 08:41:52,MP1,1 days 01:09:21,0,2025-11-04 08:41:52,2025-11-05 09:51:13
2025-11-05 10:27:48,MP3,0 days 17:11:41,0,2025-11-05 10:27:48,2025-11-06 03:39:29
2025-11-05 20:01:44,MP4,1 days 03:05:00,1,2025-11-05 20:01:44,2025-11-06 23:06:44
2025-11-06 04:47:11,CT2,1 days 01:10:02,0,2025-11-06 04:47:11,2025-11-07 05:57:13
2025-11-06 11:42:54,MP2,1 days 05:10:05,0,2025-11-06 11:42:54,2025-11-07 16:52:59
2025-11-07 04:29:41,CT1,1 days 04:27:05,0,2025-11-07 04:29:41,2025-11-08 08:56:46
2025-11-07 05:46:01,MP1,0 days 19:35:46,0,2025-11-07 05:46:01,2025-11-08 01:21:47
2025-11-07 09:58:36,MP3,0 days 18:47:14,1,2025-11-07 09:58:36,2025-11-08 04:45:50
2025-11-07 16:43:25,MP4,1 days 04:33:18,1,2025-11-07 16:43:25,2025-11-08 21:16:43
2025-11-07 23:55:18,CT2,0 days 22:36:23,0,2025-11-07 23:55:18,2025-11-08 22:31:41
2025-11-08 00:19:11,MP2,1 days 01:27:38,1,2025-11-08 00:19:11,2025-11-09 01:46:49
2025-11-08 05:39:59,MP1,0 days 22:58:20,0,2025-11-08 05:39:59,2025-11-09 04:38:19
2025-11-08 07:58:27,MP3,0 days 16:21:41,0,2025-11-08 07:58:27,2025-11-09 00:20:08
2025-11-08 08:15:54,CT1,0 days 22:33:17,0,2025-11-09 07:30:03,2025-11-10 06:03:20
2025-11-08 11:57:52,MP4,1 days 01:16:30,1,2025-11-09 22:33:13,2025-11-10 23:49:43
2025-11-08 13:27:40,CT2,1 days 02:25:54,0,2025-11-10 00:57:35,2025-11-11 03:23:29
2025-11-08 14:24:43,MP3,1 days 04:32:43,0,2025-11-10 04:52:51,2025-11-11 09:25:34
2025-11-08 15:19:32,MP2,1 days 02:14:45,1,2025-11-10 04:01:34,2025-11-11 06:16:19
2025-11-09 00:52:47,MP1,1 days 02:58:13,0,2025-11-10 07:36:32,2025-11-11 10:34:45
2025-11-09 06:28:51,CT1,1 days 04:12:47,1,2025-11-10 11:42:50,2025-11-11 15:55:37
2025-11-09 09:45:33,MP4,0 days 22:15:06,0,2025-11-10 20:48:19,2025-11-11 19:03:25
2025-11-09 13:00:15,CT2,1 days 01:10:40,0,2025-11-11 02:08:15,2025-11-12 03:18:55
2025-11-09 13:50:50,MP2,1 days 05:31:09,0,2025-11-11 09:32:43,2025-11-12 15:03:52
2025-11-09 14:59:57,MP3,0 days 21:28:53,1,2025-11-11 02:21:44,2025-11-11 23:50:37
2025-11-09 23:33:49,MP1,1 days 01:53:33,0,2025-11-11 09:30:05,2025-11-12 11:23:38
2025-11-10 03:49:25,CT1,0 days 16:52:46,0,2025-11-11 04:35:36,2025-11-11 21:28:22
2025-11-11 06:52:19,MP4,0 days 17:05:16,0,2025-11-11 06:52:19,2025-11-11 23:57:35
2025-11-11 18:21:04,CT2,1 days 03:34:44,0,2025-11-11 18:21:04,2025-11-12 21:55:48
2025-11-12 07:38:20,MP3,0 days 23:02:06,1,2025-11-12 07:38:20,2025-11-13 06:40:26
2025-11-12 07:55:08,CT1,1 days 01:12:00,0,2025-11-12 07:55:08,2025-11-13 09:07:08
2025-11-12 12:02:35,MP1,0 days 22:10:20,0,2025-11-12 12:02:35,2025-11-13 10:12:55
2025-11-12 12:19:30,MP2,1 days 04:48:13,0,2025-11-12 12:19:30,2025-11-13 17:07:43
2025-11-13 00:10:15,MP4,0 days 20:55:32,0,2025-11-13 00:10:15,2025-11-13 21:05:47
2025-11-13 07:53:33,CT2,0 days 13:52:37,0,2025-11-13 07:53:33,2025-11-13 21:46:10
2025-11-13 08:34:23,MP3,0 days 19:21:35,0,2025-11-13 08:34:23,2025-11-14 03:55:58
2025-11-13 17:53:37,CT1,0 days 21:51:09,0,2025-11-13 17:53:37,2025-11-14 15:44:46
2025-11-14 03:50:34,MP1,0 days 19:57:46,0,2025-11-14 03:50:34,2025-11-14 23:48:20
2025-11-14 04:36:17,MP2,0 days 22:05:28,0,2025-11-14 04:36:17,2025-11-15 02:41:45
2025-11-15 08:30:45,MP4,1 days 04:11:28,0,2025-11-15 08:30:45,2025-11-16 12:42:13
2025-11-15 11:31:45,CT2,0 days 17:00:52,0,2025-11-15 11:31:45,2025-11-16 04:32:37
2025-11-15 17:32:40,MP3,0 days 19:29:20,0,2025-11-15 17:32:40,2025-11-16 13:02:00
2025-11-15 18:35:18,CT1,1 days 02:10:08,1,2025-11-15 18:35:18,2025-11-16 20:45:26
2025-11-16 22:16:47,MP1,1 days 05:45:40,0,2025-11-16 22:16:47,2025-11-18 04:02:27
2025-11-17 01:02:08,MP2,1 days 00:03:09,0,2025-11-17 01:02:08,2025-11-18 01:05:17
2025-11-17 02:33:52,CT2,0 days 20:06:28,0,2025-11-17 02:33:52,2025-11-17 22:40:20
2025-11-17 03:49:49,MP4,0 days 21:37:29,0,2025-11-17 03:49:49,2025-11-18 01:27:18
2025-11-17 17:47:28,MP3,0 days 23:06:31,0,2025-11-17 17:47:28,2025-11-18 16:53:59
2025-11-18 00:01:58,CT1,0 days 17:42:41,1,2025-11-18 00:01:58,2025-11-18 17:44:39
2025-11-18 12:11:23,CT2,1 days 00:42:36,0,2025-11-18 12:11:23,2025-11-19 12:53:59
2025-11-19 02:29:27,MP2,0 days 17:27:15,0,2025-11-19 02:29:27,2025-11-19 19:56:42
2025-11-20 01:52:02,MP4,0 days 21:05:21,0,2025-11-20 01:52:02,2025-11-20 22:57:23
2025-11-20 08:51:47,MP1,1 days 03:24:28,0,2025-11-20 08:51:47,2025-11-21 12:16:15
2025-11-20 10:56:40,MP3,1 days 02:24:57,0,2025-11-20 10:56:40,2025-11-21 13:21:37
2025-11-20 11:06:27,CT1,1 days 01:59:07,0,2025-11-20 11:06:27,2025-11-21 13:05:34
2025-11-20 15:08:30,CT2,1 days 06:25:46,0,2025-11-20 15:08:30,2025-11-21 21:34:16
2025-11-20 16:52:55,MP2,0 days 20:57:30,0,2025-11-20 16:52:55,2025-11-21 13:50:25
2025-11-21 01:00:32,MP4,0 days 19:21:56,0,2025-11-21 01:00:32,2025-11-21 20:22:28
2025-11-21 05:41:12,MP1,0 days 14:52:24,0,2025-11-22 03:08:39,2025-11-22 18:01:03
2025-11-21 10:55:16,CT1,1 days 00:08:17,0,2025-11-22 13:13:51,2025-11-23 13:22:08
2025-11-21 12:34:08,MP3,0 days 22:20:25,0,2025-11-22 11:42:02,2025-11-23 10:02:27
2025-11-21 23:00:23,MP2,1 days 00:35:56,0,2025-11-21 23:00:23,2025-11-22 23:36:19
2025-11-22 07:07:00,MP4,0 days 20:31:17,0,2025-11-22 07:07:00,2025-11-23 03:38:17
2025-11-22 17:00:32,CT2,0 days 14:24:22,0,2025-11-22 17:00:32,2025-11-23 07:24:54
2025-11-24 04:11:04,MP1,1 days 01:35:11,0,2025-11-24 04:11:04,2025-11-25 05:46:15
2025-11-24 05:51:39,MP3,1 days 01:12:23,1,2025-11-24 05:51:39,2025-11-25 07:04:02
2025-11-24 08:50:14,CT1,1 days 04:30:53,0,2025-11-24 08:50:14,2025-11-25 13:21:07
2025-11-24 11:33:51,MP2,0 days 22:28:48,0,2025-11-24 11:33:51,2025-11-25 10:02:39
2025-11-24 16:36:13,MP4,0 days 16:03:59,0,2025-11-24 16:36:13,2025-11-25 08:40:12
2025-11-24 20:35:58,CT2,1 days 02:22:55,0,2025-11-24 20:35:58,2025-11-25 22:58:53
2025-11-24 21:47:32,MP1,1 days 01:07:13,0,2025-11-26 06:53:28,2025-11-27 08:00:41
2025-11-25 14:34:02,MP3,0 days 22:08:50,0,2025-11-25 14:34:02,2025-11-26 12:42:52
2025-11-26 06:50:10,MP4,1 days 02:28:07,0,2025-11-26 06:50:10,2025-11-27 09:18:17
2025-11-26 20:44:00,MP2,0 days 19:59:39,0,2025-11-26 20:44:00,2025-11-27 16:43:39
2025-11-26 23:35:15,CT1,0 days 18:54:52,0,2025-11-26 23:35:15,2025-11-27 18:30:07
2025-11-27 21:16:10,CT2,0 days 20:04:50,0,2025-11-27 21:16:10,2025-11-28 17:21:00
2025-11-29 13:59:16,MP1,0 days 21:27:32,0,2025-11-29 13:59:16,2025-11-30 11:26:48
2025-11-30 04:03:43,MP3,0 days 09:47:13,0,2025-11-30 04:03:43,2025-11-30 13:50:56
2025-11-30 05:16:44,MP4,1 days 05:29:45,1,2025-11-30 05:16:44,2025-12-01 10:46:29
2025-11-30 15:11:12,MP2,1 days 03:19:03,0,2025-11-30 15:11:12,2025-12-01 18:30:15
2025-12-01 07:58:55,CT1,0 days 21:10:04,1,2025-12-01 07:58:55,2025-12-02 05:08:59
2025-12-01 15:42:46,CT2,1 days 07:41:16,0,2025-12-01 15:42:46,2025-12-02 23:24:02
2025-12-01 16:13:30,MP1,1 days 02:07:25,0,2025-12-01 16:13:30,2025-12-02 18:20:55
2025-12-01 21:39:20,MP3,0 days 22:17:34,0,2025-12-01 21:39:20,2025-12-02 19:56:54
2025-12-02 00:35:33,MP4,0 days 21:12:37,0,2025-12-02 00:35:33,2025-12-02 21:48:10
2025-12-02 05:22:58,MP2,0 days 19:29:58,0,2025-12-02 05:22:58,2025-12-03 00:52:56
2025-12-02 05:54:06,CT1,1 days 03:53:20,0,2025-12-02 05:54:06,2025-12-03 09:47:26
2025-12-02 09:38:03,MP1,1 days 01:10:20,0,2025-12-03 19:31:15,2025-12-04 20:41:35
2025-12-02 18:17:53,MP3,0 days 23:08:38,0,2025-12-03 19:05:32,2025-12-04 18:14:10
2025-12-03 08:02:18,MP4,0 days 22:38:04,0,2025-12-03 08:02:18,2025-12-04 06:40:22
2025-12-03 20:24:01,CT2,1 days 01:48:21,0,2025-12-03 20:24:01,2025-12-04 22:12:22
2025-12-04 00:14:25,MP2,0 days 14:04:58,0,2025-12-04 00:14:25,2025-12-04 14:19:23
2025-12-04 11:21:23,CT1,0 days 20:47:29,0,2025-12-04 11:21:23,2025-12-05 08:08:52
2025-12-04 17:08:49,MP3,1 days 01:27:12,0,2025-12-04 17:08:49,2025-12-05 18:36:01
2025-12-04 23:46:15,MP1,1 days 01:33:49,1,2025-12-04 23:46:15,2025-12-06 01:20:04
2025-12-05 17:08:37,MP4,0 days 19:37:49,1,2025-12-05 17:08:37,2025-12-06 12:46:26
2025-12-05 22:33:18,MP2,0 days 17:06:08,0,2025-12-05 22:33:18,2025-12-06 15:39:26
2025-12-06 04:08:46,CT2,0 days 22:22:35,0,2025-12-06 04:08:46,2025-12-07 02:31:21
2025-12-06 13:07:26,CT1,1 days 01:41:23,0,2025-12-06 13:07:26,2025-12-07 14:48:49
2025-12-06 15:32:40,MP3,0 days 22:47:06,1,2025-12-06 15:32:40,2025-12-07 14:19:46
2025-12-06 18:57:37,MP1,1 days 02:10:51,0,2025-12-06 18:57:37,2025-12-07 21:08:28
2025-12-07 04:55:47,MP4,1 days 01:16:26,0,2025-12-07 04:55:47,2025-12-08 06:12:13
2025-12-07 07:35:48,MP2,0 days 18:44:38,0,2025-12-07 07:35:48,2025-12-08 02:20:26
2025-12-07 10:24:43,CT2,1 days 00:18:12,1,2025-12-07 10:24:43,2025-12-08 10:42:55
2025-12-07 16:02:41,MP3,1 days 01:18:54,0,2025-12-07 16:02:41,2025-12-08 17:21:35
2025-12-08 16:35:10,CT1,0 days 23:57:55,0,2025-12-08 16:35:10,2025-12-09 16:33:05
2025-12-08 17:38:55,MP1,0 days 23:52:20,0,2025-12-08 17:38:55,2025-12-09 17:31:15
2025-12-09 06:05:30,MP2,0 days 20:57:58,0,2025-12-09 06:05:30,2025-12-10 03:03:28
2025-12-09 12:51:23,MP4,0 days 20:58:49,0,2025-12-09 12:51:23,2025-12-10 09:50:12
2025-12-09 17:59:06,CT2,0 days 23:04:20,1,2025-12-09 17:59:06,2025-12-10 17:03:26
2025-12-09 19:38:01,MP3,0 days 19:08:36,0,2025-12-09 19:38:01,2025-12-10 14:46:37
2025-12-09 23:20:56,CT1,0 days 20:36:58,0,2025-12-09 23:20:56,2025-12-10 19:57:54
2025-12-10 08:46:21,MP1,1 days 02:27:58,0,2025-12-10 08:46:21,2025-12-11 11:14:19
2025-12-10 13:01:08,MP2,0 days 21:44:03,0,2025-12-10 13:01:08,2025-12-11 10:45:11
2025-12-10 17:45:21,MP4,1 days 03:30:27,0,2025-12-10 17:45:21,2025-12-11 21:15:48
2025-12-11 09:05:48,MP3,1 days 01:38:32,0,2025-12-11 09:05:48,2025-12-12 10:44:20
2025-12-12 01:19:44,CT2,0 days 19:32:37,1,2025-12-12 01:19:44,2025-12-12 20:52:21
2025-12-12 23:42:29,CT1,1 days 03:08:53,0,2025-12-12 23:42:29,2025-12-14 02:51:22
2025-12-13 00:32:25,MP2,0 days 22:47:20,0,2025-12-13 00:32:25,2025-12-13 23:19:45
2025-12-13 01:34:40,MP1,0 days 22:36:01,0,2025-12-13 01:34:40,2025-12-14 00:10:41
2025-12-13 06:01:33,MP4,0 days 17:00:04,0,2025-12-13 06:01:33,2025-12-13 23:01:37
2025-12-13 15:17:00,MP3,0 days 16:05:07,0,2025-12-13 15:17:00,2025-12-14 07:22:07
2025-12-13 23:58:18,CT2,0 days 23:15:25,0,2025-12-13 23:58:18,2025-12-14 23:13:43
2025-12-14 02:58:27,MP4,1 days 04:58:49,1,2025-12-14 02:58:27,2025-12-15 07:57:16
2025-12-14 05:35:13,MP2,1 days 02:02:04,0,2025-12-14 05:35:13,2025-12-15 07:37:17
2025-12-14 13:46:27,MP1,1 days 00:58:05,0,2025-12-14 13:46:27,2025-12-15 14:44:32
2025-12-15 00:20:17,CT1,0 days 22:50:18,1,2025-12-15 00:20:17,2025-12-15 23:10:35
2025-12-15 03:48:36,MP3,0 days 16:10:09,0,2025-12-15 03:48:36,2025-12-15 19:58:45
2025-12-16 00:54:19,CT2,0 days 21:47:39,0,2025-12-16 00:54:19,2025-12-16 22:41:58
2025-12-16 07:44:14,MP2,1 days 01:47:07,0,2025-12-16 07:44:14,2025-12-17 09:31:21
2025-12-16 15:41:34,MP4,0 days 22:18:25,0,2025-12-16 15:41:34,2025-12-17 13:59:59
2025-12-17 03:07:52,MP1,0 days 21:54:14,1,2025-12-17 03:07:52,2025-12-18 01:02:06
2025-12-17 15:45:44,MP3,1 days 01:19:58,0,2025-12-17 15:45:44,2025-12-18 17:05:42
2025-12-17 20:01:07,CT1,0 days 17:03:31,0,2025-12-17 20:01:07,2025-12-18 13:04:38
2025-12-18 00:39:43,CT2,0 days 21:27:56,0,2025-12-18 00:39:43,2025-12-18 22:07:39
2025-12-18 04:29:35,MP2,0 days 18:42:09,0,2025-12-18 04:29:35,2025-12-18 23:11:44
2025-12-18 09:34:41,MP4,0 days 21:27:37,0,2025-12-18 09:34:41,2025-12-19 07:02:18
2025-12-18 19:52:43,MP1,0 days 20:53:51,0,2025-12-18 19:52:43,2025-12-19 16:46:34
2025-12-19 08:47:02,CT1,0 days 19:45:52,0,2025-12-19 08:47:02,2025-12-20 04:32:54
2025-12-19 12:58:20,MP3,1 days 04:47:47,1,2025-12-19 12:58:20,2025-12-20 17:46:07
2025-12-19 15:41:09,CT2,1 days 04:33:11,0,2025-12-19 15:41:09,2025-12-20 20:14:20
2025-12-20 07:22:52,MP2,1 days 05:40:32,0,2025-12-20 07:22:52,2025-12-21 13:03:24
2025-12-20 15:30:44,MP4,0 days 23:22:12,0,2025-12-20 15:30:44,2025-12-21 14:52:56
2025-12-21 00:41:01,MP1,1 days 02:51:07,0,2025-12-21 00:41:01,2025-12-22 03:32:08
2025-12-21 11:13:16,CT1,1 days 03:02:18,0,2025-12-21 11:13:16,2025-12-22 14:15:34
2025-12-21 12:34:47,MP3,1 days 03:57:46,0,2025-12-21 12:34:47,2025-12-22 16:32:33
2025-12-21 17:08:36,CT2,0 days 15:35:57,0,2025-12-21 17:08:36,2025-12-22 08:44:33
2025-12-21 17:10:43,MP2,1 days 04:10:14,0,2025-12-21 17:10:43,2025-12-22 21:20:57
2025-12-21 19:24:37,MP4,1 days 01:18:05,0,2025-12-21 19:24:37,2025-12-22 20:42:42
2025-12-22 03:50:12,MP1,1 days 00:30:45,0,2025-12-22 03:50:12,2025-12-23 04:20:57
2025-12-22 10:45:31,CT2,1 days 02:27:09,0,2025-12-22 10:45:31,2025-12-23 13:12:40
2025-12-22 23:33:53,CT1,0 days 22:58:55,0,2025-12-22 23:33:53,2025-12-23 22:32:48
2025-12-23 01:08:11,MP3,1 days 02:33:41,0,2025-12-23 01:08:11,2025-12-24 03:41:52
2025-12-23 02:25:48,MP4,0 days 22:01:39,0,2025-12-23 02:25:48,2025-12-24 00:27:27
2025-12-23 05:35:07,MP2,1 days 05:24:52,0,2025-12-23 05:35:07,2025-12-24 10:59:59
2025-12-23 13:07:30,MP1,0 days 20:02:07,0,2025-12-23 13:07:30,2025-12-24 09:09:37
2025-12-24 03:42:50,CT2,0 days 17:15:22,0,2025-12-24 03:42:50,2025-12-24 20:58:12
2025-12-24 16:33:16,CT1,1 days 01:26:00,0,2025-12-24 16:33:16,2025-12-25 17:59:16
2025-12-25 13:59:33,MP4,1 days 04:12:30,1,2025-12-25 13:59:33,2025-12-26 18:12:03
2025-12-26 03:52:24,MP3,0 days 18:25:44,1,2025-12-26 03:52:24,2025-12-26 22:18:08
2025-12-26 07:56:35,MP1,1 days 02:47:10,0,2025-12-26 07:56:35,2025-12-27 10:43:45
2025-12-26 12:11:09,MP2,0 days 18:21:22,0,2025-12-26 12:11:09,2025-12-27 06:32:31
2025-12-26 15:39:33,CT2,0 days 20:30:32,0,2025-12-26 15:39:33,2025-12-27 12:10:05
2025-12-27 02:32:10,CT1,1 days 00:34:39,0,2025-12-27 02:32:10,2025-12-28 03:06:49
2025-12-27 03:15:32,MP4,0 days 20:56:18,0,2025-12-27 03:15:32,2025-12-28 00:11:50
2025-12-27 06:22:58,MP3,0 days 20:04:53,0,2025-12-27 06:22:58,2025-12-28 02:27:51
2025-12-27 15:57:01,MP2,0 days 20:59:02,0,2025-12-27 15:57:01,2025-12-28 12:56:03
2025-12-27 17:02:24,MP1,0 days 22:29:37,0,2025-12-27 17:02:24,2025-12-28 15:32:01
2025-12-27 20:39:01,CT2,0 days 22:17:49,0,2025-12-27 20:39:01,2025-12-28 18:56:50
2025-12-28 06:56:36,MP4,1 days 02:20:54,0,2025-12-28 06:56:36,2025-12-29 09:17:30
2025-12-28 21:06:57,MP3,0 days 14:11:52,0,2025-12-28 21:06:57,2025-12-29 11:18:49
2025-12-29 08:28:57,CT1,1 days 04:38:23,0,2025-12-29 08:28:57,2025-12-30 13:07:20
2025-12-30 01:06:16,MP2,0 days 17:26:07,0,2025-12-30 01:06:16,2025-12-30 18:32:23
2025-12-30 02:36:21,MP1,0 days 23:30:02,0,2025-12-30 02:36:21,2025-12-31 02:06:23
2025-12-30 12:58:13,CT2,1 days 04:12:42,0,2025-12-30 12:58:13,2025-12-31 17:10:55
2025-12-30 16:24:19,MP4,1 days 01:10:35,0,2025-12-30 16:24:19,2025-12-31 17:34:54
2025-12-30 18:22:46,MP3,0 days 23:58:06,0,2025-12-30 18:22:46,2025-12-31 18:20:52
2025-12-31 06:02:54,CT1,1 days 02:04:32,0,2025-12-31 06:02:54,2026-01-01 08:07:26
2025-12-31 08:10:03,MP2,0 days 23:24:58,0,2025-12-31 08:10:03,2026-01-01 07:35:01
2025-12-31 09:11:16,MP1,0 days 15:31:10,0,2025-12-31 09:11:16,2026-01-01 00:42:26
2025-12-31 10:23:58,CT2,0 days 15:58:49,0,2026-01-01 09:09:44,2026-01-02 01:08:33
2025-12-31 16:10:46,MP4,0 days 20:32:13,1,2026-01-01 14:07:07,2026-01-02 10:39:20
2025-12-31 19:31:44,MP3,0 days 22:54:21,0,2025-12-31 19:31:44,2026-01-01 18:26:05
